id;name;start_date;end_date;initiator_name;receiver_country;geographical_scope_score_TLI;receiver_categories;receiver_categories_subcode;secotrial_scope_score_TLI;sectorial_scope_multiplier_(political_systems/critical_infra)_TLI;zero_days_TLI;zero_days_subcode;weighted_cyber_intensity_TLI;link_incident_eurepoc
10;NSA vs. US muslims;2002-01-01;2008-01-01;NSA/Equation Group;United States;1;"[State institutions / political system; State institutions / political system; State institutions / political system; Social groups; End user(s) / specially protected groups]";"[Legislative; Civil service / administration; Election infrastructure / related systems; Religious]";5;YES;No;;2;https://eurepoc.eu/incident/nsa-vs-us-muslims
16;Athens Affair;2004-07-01;2005-01-01;NSA/Equation Group;Greece;1;"[State institutions / political system; International / supranational organization]";[Political parties];2;YES;No;;3;https://eurepoc.eu/incident/athens-affair-1
21;NSA vs. Al Jazeera;2006-01-01;2000-01-01;NSA/Equation Group;Qatar;1;[Media];;1;YES;No;;2;https://eurepoc.eu/incident/nsa-vs-al-jazeera
22;NSA vs. Aeroflot;2006-01-01;2000-01-01;NSA/Equation Group;Russia;1;[Critical infrastructure];[Transportation];1;NO;No;;2;https://eurepoc.eu/incident/nsa-vs-aeroflot
23;PLA vs. Westinghouse Electric & US Steel;2006-01-01;2014-01-01;"APT1/Comment Crew/Comment Panda/Byzantine Candor/Group 3/ TG-8223/BrownFox/G0006 (PLA, Unit 61398); PLA Unit 61398";United States;1;"[Social groups; Corporate Targets (corporate targets only coded if the respective company is no part of the critical infrastructure definition)]";[Advocacy / activists (e.g. human rights organizations)];2;NO;No;;2;https://eurepoc.eu/incident/pla-vs-westinghouse-electric-and-us-steel
25;Operation Shady RAT;2006-01-01;2011-01-01;"APT1/Comment Crew/Comment Panda/Byzantine Candor/Group 3/ TG-8223/BrownFox/G0006 (PLA, Unit 61398); PLA Unit 61398";"Canada; United Kingdom; India; Japan; Taiwan; Korea, Republic of; Vietnam; Germany; United States";9;"[State institutions / political system; International / supranational organization]; [State institutions / political system; International / supranational organization]; [State institutions / political system; International / supranational organization]; [State institutions / political system; International / supranational organization]; [State institutions / political system; International / supranational organization]; [State institutions / political system; International / supranational organization]; [State institutions / political system; International / supranational organization]; [State institutions / political system; International / supranational organization]; [State institutions / political system; International / supranational organization]";"[Government / ministries]; [Government / ministries]; [Government / ministries]; [Government / ministries]; [Government / ministries]; [Government / ministries]; [Government / ministries]; [Government / ministries]; [Government / ministries]";2;YES;No;;2;https://eurepoc.eu/incident/operation-shady-rat
26;APT 10/Technology Theft Campaign;2006-01-01;2018-01-01;APT10/Stone Panda/MenuPass Team/Cloud Hopper/Red Apollo/Cicada/POTASSIUM/BRONZE RIVERSIDE/CVNX/HOGFISH/G0045 (MSS, Tianjin State Security Bureau);"Switzerland; Brazil; India; United Arab Emirates; United States; Canada; Germany; Japan; France; United Kingdom";10;"[State institutions / political system; Critical infrastructure; Critical infrastructure; Critical infrastructure; Corporate Targets (corporate targets only coded if the respective company is no part of the critical infrastructure definition)]; [State institutions / political system; Critical infrastructure; Critical infrastructure; Critical infrastructure; Corporate Targets (corporate targets only coded if the respective company is no part of the critical infrastructure definition)]; [State institutions / political system; Critical infrastructure; Critical infrastructure; Critical infrastructure; Corporate Targets (corporate targets only coded if the respective company is no part of the critical infrastructure definition)]; [State institutions / political system; Critical infrastructure; Critical infrastructure; Critical infrastructure; Corporate Targets (corporate targets only coded if the respective company is no part of the critical infrastructure definition)]; [State institutions / political system; Critical infrastructure; Critical infrastructure; Critical infrastructure; Corporate Targets (corporate targets only coded if the respective company is no part of the critical infrastructure definition)]; [State institutions / political system; Critical infrastructure; Critical infrastructure; Critical infrastructure; Corporate Targets (corporate targets only coded if the respective company is no part of the critical infrastructure definition)]; [State institutions / political system; Critical infrastructure; Critical infrastructure; Critical infrastructure; Corporate Targets (corporate targets only coded if the respective company is no part of the critical infrastructure definition)]; [State institutions / political system; Critical infrastructure; Critical infrastructure; Critical infrastructure; Corporate Targets (corporate targets only coded if the respective company is no part of the critical infrastructure definition)]; [State institutions / political system; Critical infrastructure; Critical infrastructure; Critical infrastructure; Corporate Targets (corporate targets only coded if the respective company is no part of the critical infrastructure definition)]; [State institutions / political system; Critical infrastructure; Critical infrastructure; Critical infrastructure; Corporate Targets (corporate targets only coded if the respective company is no part of the critical infrastructure definition)]";"[Government / ministries; Energy; Telecommunications; Defence industry]; [Government / ministries; Energy; Telecommunications; Defence industry]; [Government / ministries; Energy; Telecommunications; Defence industry]; [Government / ministries; Energy; Telecommunications; Defence industry]; [Government / ministries; Energy; Telecommunications; Defence industry]; [Government / ministries; Energy; Telecommunications; Defence industry]; [Government / ministries; Energy; Telecommunications; Defence industry]; [Government / ministries; Energy; Telecommunications; Defence industry]; [Government / ministries; Energy; Telecommunications; Defence industry]; [Government / ministries; Energy; Telecommunications; Defence industry]";5;YES;No;;2;https://eurepoc.eu/incident/apt-10-technology-theft-campaign
27;NSA vs. SWIFT;2006-01-01;2013-01-01;NSA/Equation Group;Belgium;1;[Critical infrastructure];[Finance];1;YES;No;;2;https://eurepoc.eu/incident/nsa-vs-swift
34;APT  1 Campaign 2006-2013;2006-01-01;2013-01-01;"PLA Unit 61398; APT1/Comment Crew/Comment Panda/Byzantine Candor/Group 3/ TG-8223/BrownFox/G0006 (PLA, Unit 61398)";"Switzerland; Belgium; India; United States; Canada; Singapore; United Kingdom; Taiwan; Israel; Japan";10;"[State institutions / political system; International / supranational organization]; [State institutions / political system; International / supranational organization]; [State institutions / political system; International / supranational organization]; [State institutions / political system; International / supranational organization]; [State institutions / political system; International / supranational organization]; [State institutions / political system; International / supranational organization]; [State institutions / political system; International / supranational organization]; [State institutions / political system; International / supranational organization]; [State institutions / political system; International / supranational organization]; [State institutions / political system; International / supranational organization]";"[Civil service / administration]; [Civil service / administration]; [Civil service / administration]; [Civil service / administration]; [Civil service / administration]; [Civil service / administration]; [Civil service / administration]; [Civil service / administration]; [Civil service / administration]; [Civil service / administration]";2;YES;No;;4;https://eurepoc.eu/incident/apt-1-campaign-2006-2013
41;CozyBear vs. Obama Campaign;2007-01-01;2017-01-01;Cozy Bear/APT29/Dukes/Group 100/IRON HEMLOCK/NOBELIUM/UNC2452/Cozy Duke/YTTRIUM/G0016 (SVR);United States;1;"[State institutions / political system; State institutions / political system]";"[Government / ministries; Election infrastructure / related systems]";2;YES;No;;1;https://eurepoc.eu/incident/cozy-bear-vs-obama-campaign
45;The mobile surge;2007-01-01;2013-01-01;"GCHQ; NSA/Equation Group";Global (region);15;[Corporate Targets (corporate targets only coded if the respective company is no part of the critical infrastructure definition)];;1;NO;No;;1;https://eurepoc.eu/incident/the-mobile-surge
46;Stuxnet;2007-01-01;2010-01-01;NSA/Equation Group;Iran, Islamic Republic of;1;"[State institutions / political system; Critical infrastructure]";"[Military; Defence industry]";2;YES;Yes;multiple;10;https://eurepoc.eu/incident/stuxnet
48;Perdido;2007-01-01;2013-01-01;NSA/Equation Group;"Mexico; EU (region); India; Greece; Turkey; Japan; Korea, Republic of; France; Italy";18;"[State institutions / political system]; [State institutions / political system]; [State institutions / political system]; [State institutions / political system]; [State institutions / political system]; [State institutions / political system]; [State institutions / political system]; [State institutions / political system]; [State institutions / political system]";;1;YES;No;;2;https://eurepoc.eu/incident/perdido
67;Regin;2008-01-01;2018-01-01;NSA/Equation Group/GCHQ;"Belgium; Brazil; Iran, Islamic Republic of; Saudi Arabia; Austria; Pakistan; Russia; Germany";8;"[State institutions / political system]; [State institutions / political system]; [State institutions / political system]; [State institutions / political system]; [State institutions / political system]; [State institutions / political system]; [State institutions / political system]; [State institutions / political system]";;1;YES;No;;4;https://eurepoc.eu/incident/regin
68;Anarchist;2008-01-01;2012-01-01;"NSA/Equation Group; GCHQ";Israel;1;[State institutions / political system];[Military];1;YES;No;;2;https://eurepoc.eu/incident/anarchist
71;World of Spycraft;2008-01-01;2013-01-01;NSA/Equation Group;Global (region);15;[End user(s) / specially protected groups];;1;NO;No;;1;https://eurepoc.eu/incident/world-of-spycraft
73;Chinese Attack against Alcoa;2008-01-01;2008-01-01;"APT1/Comment Crew/Comment Panda/Byzantine Candor/Group 3/ TG-8223/BrownFox/G0006 (PLA, Unit 61398); PLA Unit 61398";United States;1;[Corporate Targets (corporate targets only coded if the respective company is no part of the critical infrastructure definition)];;1;NO;No;;2;https://eurepoc.eu/incident/chinese-attack-against-alcoa
75;Pinch duke;2008-01-01;2015-01-01;Cozy Bear/APT29/Dukes/Group 100/IRON HEMLOCK/NOBELIUM/UNC2452/Cozy Duke/YTTRIUM/G0016 (SVR);"Turkey; Kazakhstan; Kyrgyzstan; Georgia; Azerbaijan; Uzbekistan";6;"[State institutions / political system; International / supranational organization]; [State institutions / political system; International / supranational organization]; [State institutions / political system; International / supranational organization]; [State institutions / political system; International / supranational organization]; [State institutions / political system; International / supranational organization]; [State institutions / political system; International / supranational organization]";"[Government / ministries]; [Government / ministries]; [Government / ministries]; [Government / ministries]; [Government / ministries]; [Government / ministries]";2;YES;No;;2;https://eurepoc.eu/incident/pinch-duke
79;Byzantine Candor;2008-04-01;2008-10-01;"APT1/Comment Crew/Comment Panda/Byzantine Candor/Group 3/ TG-8223/BrownFox/G0006 (PLA, Unit 61398); PLA Unit 61398";United States;1;[State institutions / political system];[Election infrastructure / related systems];1;YES;No;;1;https://eurepoc.eu/incident/byzantine-candor
91;"Agent.btz - US; Operation Buckshot Yankee (against the breach)";2008-10-01;2008-11-01;Turla/Waterbug/Venomous Bear/Snake/Uroburos/Group 88/Krypton/G0010 (FSB, 16th / 18th Center);United States;1;[State institutions / political system];[Military];1;YES;No;;2;https://eurepoc.eu/incident/agent-btz-us-operation-buckshot-yankee-against-the-breach
99;Winnti Umbrella aka Axiom aka DeputyDog;2009-01-01;2018-01-01;Axiom/APT17/Tailgater Team/Group 72/Dogfish/G0001 (MSS, Jinan Bureau) < Winnti Umbrella/G0044 ;"United States; Korea, Republic of; Thailand; China; Japan";5;"[State institutions / political system; Social groups; Corporate Targets (corporate targets only coded if the respective company is no part of the critical infrastructure definition)]; [State institutions / political system; Social groups; Corporate Targets (corporate targets only coded if the respective company is no part of the critical infrastructure definition)]; [State institutions / political system; Social groups; Corporate Targets (corporate targets only coded if the respective company is no part of the critical infrastructure definition)]; [State institutions / political system; Social groups; Corporate Targets (corporate targets only coded if the respective company is no part of the critical infrastructure definition)]; [State institutions / political system; Social groups; Corporate Targets (corporate targets only coded if the respective company is no part of the critical infrastructure definition)]";"[Government / ministries; Advocacy / activists (e.g. human rights organizations)]; [Government / ministries; Advocacy / activists (e.g. human rights organizations)]; [Government / ministries; Advocacy / activists (e.g. human rights organizations)]; [Government / ministries; Advocacy / activists (e.g. human rights organizations)]; [Government / ministries; Advocacy / activists (e.g. human rights organizations)]";3;YES;No;;2;https://eurepoc.eu/incident/winnti-umbrella-aka-axiom-aka-deputy-dog
100;NSA vs. Credit Card Companies;2009-01-01;2013-01-01;NSA/Equation Group;Global (region);15;[Critical infrastructure];[Finance];1;YES;No;;2;https://eurepoc.eu/incident/nsa-vs-credit-card-companies
101;Project Mystic;2009-01-01;2013-01-01;NSA/Equation Group;"Philippines; Kenya; Bahamas; Mexico; Afghanistan";5;"[Critical infrastructure]; [Critical infrastructure]; [Critical infrastructure]; [Critical infrastructure]; [Critical infrastructure]";"[Telecommunications]; [Telecommunications]; [Telecommunications]; [Telecommunications]; [Telecommunications]";1;YES;No;;2;https://eurepoc.eu/incident/project-mystic
106;"Campaign ""Sandworm"" - 2009";2009-01-01;2014-01-01;Sandworm/VOODOO Bear/Quedagh/TeleBots/IRON VIKING/Black Energy/IRIDIUM/ELECTRUM/G0034 (GRU, Main Centre for Special Technologies (GTsST) Military Unit 74455);"Ukraine; Slovakia; Belgium; Poland; United States";5;"[State institutions / political system; International / supranational organization]; [State institutions / political system; International / supranational organization]; [State institutions / political system; International / supranational organization]; [State institutions / political system; International / supranational organization]; [State institutions / political system; International / supranational organization]";"[Military]; [Military]; [Military]; [Military]; [Military]";2;YES;Yes;One;2;https://eurepoc.eu/incident/campaign-sandworm-2009
108;NSA vs. Chinese telecommunication (Operation Shotgiant);2009-01-01;2009-01-01;NSA/Equation Group;China;1;[Corporate Targets (corporate targets only coded if the respective company is no part of the critical infrastructure definition)];;1;NO;No;;2;https://eurepoc.eu/incident/nsa-vs-chinese-telecommunication-operation-shotgiant
109;NSA vs. Tshinghua University (Operation Shotgiant);2009-01-01;2013-01-01;NSA/Equation Group;China;1;"[Critical infrastructure; Science]";[Telecommunications];2;YES;No;;2;https://eurepoc.eu/incident/nsa-vs-tshinghua-university-operation-shotgiant
110;NSA vs. Pacnet (Operation Shotgiant);2009-01-01;2009-01-01;NSA/Equation Group;China;1;[Critical infrastructure];[Telecommunications];1;YES;No;;2;https://eurepoc.eu/incident/nsa-vs-pacnet-operation-shotgiant
119;Operation Dreadnought;2009-05-01;2009-05-01;"GCHQ; NSA/Equation Group";Iran, Islamic Republic of;1;[State institutions / political system];[Government / ministries];1;YES;No;;2;https://eurepoc.eu/incident/operation-dreadnought
125;Operation Aurora;2009-12-01;2010-01-01;Axiom/APT17/Tailgater Team/Group 72/Dogfish/G0001 (MSS, Jinan Bureau) < Winnti Umbrella/G0044 ;"United States; China";2;"[Corporate Targets (corporate targets only coded if the respective company is no part of the critical infrastructure definition)]; [Corporate Targets (corporate targets only coded if the respective company is no part of the critical infrastructure definition)]";;1;NO;Yes;One;4;https://eurepoc.eu/incident/operation-aurora
130;Turla aka Uroburos aka Snake 2010;2010-01-01;2014-01-01;Turla/Waterbug/Venomous Bear/Snake/Uroburos/Group 88/Krypton/G0010 (FSB, 16th / 18th Center);Eastern Europe;5;"[State institutions / political system; State institutions / political system; State institutions / political system]";"[Government / ministries; Military]";2;YES;Yes;multiple;2;https://eurepoc.eu/incident/turla-aka-uroburos-aka-snake-2010
132;Operation Iron TigerPart1/Emissary Panda;2010-01-01;2013-01-01;Emissary Panda/APT27/Lucky Mouse/BRONZE UNION/TEMP.Hippo/Group 35/TG-3390/Iron Tiger/ZipToken/G0027;"Hong Kong; China; Philippines";3;"[State institutions / political system]; [State institutions / political system]; [State institutions / political system]";;1;YES;No;;1;https://eurepoc.eu/incident/operation-iron-tiger-part1-emissary-panda
138;Operation DustStorm;2010-01-01;2015-01-01;"PLA Unit 61398; APT1/Comment Crew/Comment Panda/Byzantine Candor/Group 3/ TG-8223/BrownFox/G0006 (PLA, Unit 61398)";"United States; Korea, Republic of; Southeast Asia (region); Europe (region); Japan";18;"[Critical infrastructure; Critical infrastructure; Critical infrastructure; Corporate Targets (corporate targets only coded if the respective company is no part of the critical infrastructure definition)]; [Critical infrastructure; Critical infrastructure; Critical infrastructure; Corporate Targets (corporate targets only coded if the respective company is no part of the critical infrastructure definition)]; [Critical infrastructure; Critical infrastructure; Critical infrastructure; Corporate Targets (corporate targets only coded if the respective company is no part of the critical infrastructure definition)]; [Critical infrastructure; Critical infrastructure; Critical infrastructure; Corporate Targets (corporate targets only coded if the respective company is no part of the critical infrastructure definition)]; [Critical infrastructure; Critical infrastructure; Critical infrastructure; Corporate Targets (corporate targets only coded if the respective company is no part of the critical infrastructure definition)]";"[Energy; Transportation; Finance]; [Energy; Transportation; Finance]; [Energy; Transportation; Finance]; [Energy; Transportation; Finance]; [Energy; Transportation; Finance]";4;YES;Yes;;1;https://eurepoc.eu/incident/operation-dust-storm
145;The great SIM Heist;2010-04-01;2010-07-01;"GCHQ; NSA/Equation Group";Netherlands;1;[Critical infrastructure];[Telecommunications];1;YES;No;;4;https://eurepoc.eu/incident/the-great-sim-heist
163;First Phase Dragonfly aka EnergeticBear (2011-2014);2011-01-01;2014-01-01;"Pavel Aleksandrovich Akulov (FSB, Center 16, Military Unit 71330); Marat Valeryevich Tyukov (FSB, Center 16, Military Unit 71330); Mikhail Mikhailovich Gavrilov (FSB, Center 16, Military Unit 71330 )/Energetic Bear";"United States; Canada";2;"[Critical infrastructure]; [Critical infrastructure]";"[Defence industry]; [Defence industry]";1;YES;No;;4;https://eurepoc.eu/incident/first-phase-dragonfly-aka-energetic-bear-2011-2014
165;Winnti vs. Gaming Industry;2011-01-01;2013-01-01;APT41/BARIUM/Wicked Panda/G0096 (Chengdu 404 Network Technology) < Winnti Umbrella/G0044;Global (region);15;[Corporate Targets (corporate targets only coded if the respective company is no part of the critical infrastructure definition)];;1;NO;No;;1;https://eurepoc.eu/incident/winnti-vs-gaming-industry
166;Winnti vs. Korean Social Media;2011-01-01;2011-01-01;APT41/BARIUM/Wicked Panda/G0096 (Chengdu 404 Network Technology) < Winnti Umbrella/G0044;Korea, Republic of;1;[Corporate Targets (corporate targets only coded if the respective company is no part of the critical infrastructure definition)];;1;NO;No;;1;https://eurepoc.eu/incident/winnti-vs-korean-social-media
167;Attack against Moodys;2011-01-01;2014-01-01;"APT3/Gothic Panda/Buckeye/UPS Team/Group 6/TG-0110/G0022 (MSS, Boyusec); Boyusec";United States;1;[Critical infrastructure];[Finance];1;YES;No;;2;https://eurepoc.eu/incident/attack-against-moodys
170;BlackEnergy usage against American SCADA Systems;2011-01-01;2014-01-01;Sandworm/VOODOO Bear/Quedagh/TeleBots/IRON VIKING/Black Energy/IRIDIUM/ELECTRUM/G0034 (GRU, Main Centre for Special Technologies (GTsST) Military Unit 74455);United States;1;"[Critical infrastructure; Critical infrastructure]";"[Energy; Water]";2;YES;No;;1;https://eurepoc.eu/incident/black-energy-usage-against-american-scada-systems
251;Syrian ElectronicArmy vs. AnonPlus;2011-08-08;2011-08-08;Syrian Electronic Army;Unknown;1;[Social groups];[Hacktivist];1;NO;No;;1;https://eurepoc.eu/incident/syrian-electronic-army-vs-anon-plus
259;Chinese Phishing vs. US Gas Companies;2011-09-01;2012-06-01;"APT1/Comment Crew/Comment Panda/Byzantine Candor/Group 3/ TG-8223/BrownFox/G0006 (PLA, Unit 61398); PLA Unit 61398";United States;1;[Critical infrastructure];[Energy];1;YES;No;;2;https://eurepoc.eu/incident/chinese-phishing-vs-us-gas-companies
260;Gauss;2011-09-01;2012-01-01;NSA/Equation Group;Lebanon;1;"[Critical infrastructure; Corporate Targets (corporate targets only coded if the respective company is no part of the critical infrastructure definition)]";[Defence industry];2;YES;Yes;;4;https://eurepoc.eu/incident/gauss
272;SEA hacks Harvard page;2011-09-26;2011-09-26;Syrian Electronic Army;United States;1;[Science];;1;NO;No;;1;https://eurepoc.eu/incident/sea-hacks-harvard-page
275;Iron Dome Hack;2011-10-10;2012-08-13;"PLA Unit 61398; APT1/Comment Crew/Comment Panda/Byzantine Candor/Group 3/ TG-8223/BrownFox/G0006 (PLA, Unit 61398)";Israel;1;[Critical infrastructure];[Defence industry];1;YES;No;;2;https://eurepoc.eu/incident/iron-dome-hack
299;Leviathan vs. Maritime & Defense Targets;2011-01-01;2018-01-01;"Hainan Xiandun Company/MSS; APT40/Leviathan/TEMP.Periscope/TEMP.Jumper/GADOLINIUM/BRONZE MOHAWK/MUDCARP/KRYPTONITE PANDA/TA423/G0065 (MSS, Hainan State Security Department/Hainan Xiandun Technology Company)";"Austria; Germany; Norway; Saudi Arabia; Malaysia; United Kingdom; India; Canada; United States; Cambodia";10;"[State institutions / political system; Corporate Targets (corporate targets only coded if the respective company is no part of the critical infrastructure definition)]; [State institutions / political system; Corporate Targets (corporate targets only coded if the respective company is no part of the critical infrastructure definition)]; [State institutions / political system; Corporate Targets (corporate targets only coded if the respective company is no part of the critical infrastructure definition)]; [State institutions / political system; Corporate Targets (corporate targets only coded if the respective company is no part of the critical infrastructure definition)]; [State institutions / political system; Corporate Targets (corporate targets only coded if the respective company is no part of the critical infrastructure definition)]; [State institutions / political system; Corporate Targets (corporate targets only coded if the respective company is no part of the critical infrastructure definition)]; [State institutions / political system; Corporate Targets (corporate targets only coded if the respective company is no part of the critical infrastructure definition)]; [State institutions / political system; Corporate Targets (corporate targets only coded if the respective company is no part of the critical infrastructure definition)]; [State institutions / political system; Corporate Targets (corporate targets only coded if the respective company is no part of the critical infrastructure definition)]; [State institutions / political system; Corporate Targets (corporate targets only coded if the respective company is no part of the critical infrastructure definition)]";"[Government / ministries]; [Government / ministries]; [Government / ministries]; [Government / ministries]; [Government / ministries]; [Government / ministries]; [Government / ministries]; [Government / ministries]; [Government / ministries]; [Government / ministries]";2;YES;No;;4;https://eurepoc.eu/incident/leviathan-vs-maritime-and-defense-targets
308;Operation SoftCell;2012-01-01;2018-01-01;APT10/Stone Panda/MenuPass Team/Cloud Hopper/Red Apollo/Cicada/POTASSIUM/BRONZE RIVERSIDE/CVNX/HOGFISH/G0045 (MSS, Tianjin State Security Bureau);Global (region);15;[Critical infrastructure];[Telecommunications];1;YES;No;;3;https://eurepoc.eu/incident/operation-soft-cell
309;US Recon on Russian Power Grids;2012-01-01;2019-01-01;NSA/Equation Group;Russia;1;[Critical infrastructure];[Energy];1;YES;No;;1;https://eurepoc.eu/incident/us-recon-on-russian-power-grids
310;NSA vs. System Administrators;2012-01-01;2014-01-01;NSA/Equation Group;Global (region);15;[Corporate Targets (corporate targets only coded if the respective company is no part of the critical infrastructure definition)];;1;NO;No;;3;https://eurepoc.eu/incident/nsa-vs-system-administrators
313;Operation Muscular;2012-01-01;2012-01-01;"NSA/Equation Group; GCHQ";United States;1;"[Critical infrastructure; End user(s) / specially protected groups]";[Telecommunications];2;YES;No;;1;https://eurepoc.eu/incident/operation-muscular
323;Belgian MFA hacked;2012-01-01;2012-09-01;NSA/Equation Group;Belgium;1;[State institutions / political system];[Government / ministries];1;YES;Yes;multiple;2;https://eurepoc.eu/incident/belgian-mfa-hacked
327;Telvent Hack;2012-01-01;2012-01-01;"PLA Unit 61398; APT1/Comment Crew/Comment Panda/Byzantine Candor/Group 3/ TG-8223/BrownFox/G0006 (PLA, Unit 61398)";Canada;1;[Corporate Targets (corporate targets only coded if the respective company is no part of the critical infrastructure definition)];;1;NO;No;;1;https://eurepoc.eu/incident/telvent-hack
359;Wiper;2012-04-21;2012-04-30;NSA/Equation Group;Iran, Islamic Republic of;1;"[State institutions / political system; Critical infrastructure]";"[Government / ministries; Energy]";2;YES;No;;4;https://eurepoc.eu/incident/wiper-1
406;Accidental Syrian Internet Blackout;2012-11-29;2012-11-29;NSA/Equation Group;Syria;1;[Critical infrastructure];[Telecommunications];1;YES;No;;2;https://eurepoc.eu/incident/accidental-syrian-internet-blackout
420;Operation Iron Tiger Part2/Emissary Panda;2013-01-01;2015-01-01;Emissary Panda/APT27/Lucky Mouse/BRONZE UNION/TEMP.Hippo/Group 35/TG-3390/Iron Tiger/ZipToken/G0027;United States;1;"[Critical infrastructure; Critical infrastructure; Corporate Targets (corporate targets only coded if the respective company is no part of the critical infrastructure definition)]";"[Telecommunications; Defence industry]";3;YES;No;;4;https://eurepoc.eu/incident/operation-iron-tiger-part2-emissary-panda
422;Operation SnowMan-->DeputyDog aka APT 17;2013-01-01;2014-01-01;Axiom/APT17/Tailgater Team/Group 72/Dogfish/G0001 (MSS, Jinan Bureau) < Winnti Umbrella/G0044 ;United States;1;"[State institutions / political system; End user(s) / specially protected groups]";[Military];2;YES;Yes;One;1;https://eurepoc.eu/incident/operation-snow-man-deputy-dog-aka-apt-17
424;APT  41;2013-01-01;2019-01-01;APT41/BARIUM/Wicked Panda/G0096 (Chengdu 404 Network Technology) < Winnti Umbrella/G0044;Unknown;1;[State institutions / political system];;1;YES;No;;3;https://eurepoc.eu/incident/apt-41
426;Finnish MFA Hacked by Turla;2013-01-01;2016-03-01;Turla/Waterbug/Venomous Bear/Snake/Uroburos/Group 88/Krypton/G0010 (FSB, 16th / 18th Center);Finland;1;[State institutions / political system];[Government / ministries];1;YES;No;;2;https://eurepoc.eu/incident/finnish-mfa-hacked-by-turla
435;Iron Tiger Attack(related to OPMhack);2013-01-01;2015-09-01;Emissary Panda/APT27/Lucky Mouse/BRONZE UNION/TEMP.Hippo/Group 35/TG-3390/Iron Tiger/ZipToken/G0027;United States;1;[Critical infrastructure];[Defence industry];1;YES;Yes;;4;https://eurepoc.eu/incident/iron-tiger-attack-related-to-op-mhack
455;Syrian Electronic Army vs. BBCs Twitter;2013-03-21;2013-03-21;Syrian Electronic Army;United Kingdom;1;[Media];;1;NO;No;;1;https://eurepoc.eu/incident/syrian-electronic-army-vs-bb-cs-twitter
462;AP Twitter Hack SEA;2013-04-23;2013-04-23;Syrian Electronic Army;United States;1;[Media];;1;NO;No;;1;https://eurepoc.eu/incident/ap-twitter-hack-sea
463;Syrian Electronic Army vs. Guardian;2013-04-30;2013-04-30;Syrian Electronic Army;United Kingdom;1;[Media];;1;NO;No;;1;https://eurepoc.eu/incident/syrian-electronic-army-vs-guardian
470;Syrian Electronic Army vs. Saudi Arabian Ministry of Defense;2013-05-19;2013-05-19;Syrian Electronic Army;Saudi Arabia;1;[State institutions / political system];[Government / ministries];1;YES;No;;2;https://eurepoc.eu/incident/syrian-electronic-army-vs-saudi-arabian-ministry-of-defense
475;SEA vs. Turkish Government;2013-06-05;2013-06-05;Syrian Electronic Army;Turkey;1;[State institutions / political system];[Government / ministries];1;YES;No;;2;https://eurepoc.eu/incident/sea-vs-turkish-government
480;Operation Armageddon by GamaredonGroup;2013-06-26;2013-01-01;"Turla/Waterbug/Venomous Bear/Snake/Uroburos/Group 88/Krypton/G0010 (FSB, 16th / 18th Center); Gamaredon Group/Shuckworm/BlueAlpha/ACTINIUM/Primitive Bear/Armageddon/DEV-0157, Group G0047 (FSB, 18th Center, Crimea)";Ukraine;1;"[State institutions / political system; State institutions / political system; State institutions / political system; State institutions / political system]";"[Government / ministries; Military; Police; Political parties]";4;YES;No;;3;https://eurepoc.eu/incident/operation-armageddon-by-gamaredon-group
482;SEA vs. Israel;2013-07-01;2013-07-01;Syrian Electronic Army;Israel;1;[State institutions / political system];[Military];1;YES;No;;1;https://eurepoc.eu/incident/sea-vs-israel
490;SyrianElectronicArmy vs. Truecaller, Tango & Viber;2013-07-16;2013-07-16;Syrian Electronic Army;Sweden;1;[Corporate Targets (corporate targets only coded if the respective company is no part of the critical infrastructure definition)];;1;NO;No;;2;https://eurepoc.eu/incident/syrian-electronic-army-vs-truecaller-tango-and-viber
494;Reuters Hack-Syrian Electronic Army;2013-07-29;2013-07-29;Syrian Electronic Army;Canada;1;[Media];;1;NO;No;;1;https://eurepoc.eu/incident/reuters-hack-syrian-electronic-army
495;SEA vs. White House;2013-07-29;2013-07-29;Syrian Electronic Army;United States;1;[State institutions / political system];[Government / ministries];1;NO;No;;1;https://eurepoc.eu/incident/sea-vs-white-house
509;Operation Ghost-->The Dukes aka CozyBear aka APT29;2013-09-01;2019-01-01;Cozy Bear/APT29/Dukes/Group 100/IRON HEMLOCK/NOBELIUM/UNC2452/Cozy Duke/YTTRIUM/G0016 (SVR);Europe (region);10;[State institutions / political system];[Government / ministries];1;YES;No;;3;https://eurepoc.eu/incident/operation-ghost-the-dukes-aka-cozy-bear-aka-apt-29
530;Syrian Electronic Army vs. Obama Campaign;2013-10-27;2013-10-27;Syrian Electronic Army;United States;1;[State institutions / political system];[Government / ministries];1;NO;No;;2;https://eurepoc.eu/incident/syrian-electronic-army-vs-obama-campaign
566;Cozy Bear State Department Hack;2014-01-01;2014-01-01;"SVR; Cozy Bear/APT29/Dukes/Group 100/IRON HEMLOCK/NOBELIUM/UNC2452/Cozy Duke/YTTRIUM/G0016 (SVR)";United States;1;[State institutions / political system];[Government / ministries];1;YES;No;;1;https://eurepoc.eu/incident/cozy-bear-state-department-hack
578;MSP Theft Campaign aka Operation Cloud Hopper;2014-01-01;2018-01-01;APT10/Stone Panda/MenuPass Team/Cloud Hopper/Red Apollo/Cicada/POTASSIUM/BRONZE RIVERSIDE/CVNX/HOGFISH/G0045 (MSS, Tianjin State Security Bureau);"Finland; Sweden; Brazil; United States; Canada; France; Japan; Germany; India; United Arab Emirates";10;"[Corporate Targets (corporate targets only coded if the respective company is no part of the critical infrastructure definition)]; [Corporate Targets (corporate targets only coded if the respective company is no part of the critical infrastructure definition)]; [Corporate Targets (corporate targets only coded if the respective company is no part of the critical infrastructure definition)]; [Corporate Targets (corporate targets only coded if the respective company is no part of the critical infrastructure definition)]; [Corporate Targets (corporate targets only coded if the respective company is no part of the critical infrastructure definition)]; [Corporate Targets (corporate targets only coded if the respective company is no part of the critical infrastructure definition)]; [Corporate Targets (corporate targets only coded if the respective company is no part of the critical infrastructure definition)]; [Corporate Targets (corporate targets only coded if the respective company is no part of the critical infrastructure definition)]; [Corporate Targets (corporate targets only coded if the respective company is no part of the critical infrastructure definition)]; [Corporate Targets (corporate targets only coded if the respective company is no part of the critical infrastructure definition)]";;1;NO;No;;4;https://eurepoc.eu/incident/msp-theft-campaign-aka-operation-cloud-hopper
580;Pacifier APT aka Turla;2014-01-01;2016-01-01;Turla/Waterbug/Venomous Bear/Snake/Uroburos/Group 88/Krypton/G0010 (FSB, 16th / 18th Center);"India; Iran, Islamic Republic of; Romania";3;"[State institutions / political system]; [State institutions / political system]; [State institutions / political system]";"[Government / ministries]; [Government / ministries]; [Government / ministries]";1;YES;No;;1;https://eurepoc.eu/incident/pacifier-apt-aka-turla
581;Leviathan aka APT 40;2014-01-01;2017-01-01;APT40/Leviathan/TEMP.Periscope/TEMP.Jumper/GADOLINIUM/BRONZE MOHAWK/MUDCARP/KRYPTONITE PANDA/TA423/G0065 (MSS, Hainan State Security Department/Hainan Xiandun Technology Company);"United States; South China Sea (region); Western Europe";11;"[State institutions / political system; Critical infrastructure; Corporate Targets (corporate targets only coded if the respective company is no part of the critical infrastructure definition)]; [State institutions / political system; Critical infrastructure; Corporate Targets (corporate targets only coded if the respective company is no part of the critical infrastructure definition)]; [State institutions / political system; Critical infrastructure; Corporate Targets (corporate targets only coded if the respective company is no part of the critical infrastructure definition)]";"[Government / ministries; Defence industry]; [Government / ministries; Defence industry]; [Government / ministries; Defence industry]";3;YES;No;;3;https://eurepoc.eu/incident/leviathan-aka-apt-40
584;RUAG-Hack;2014-01-01;2016-01-01;Turla/Waterbug/Venomous Bear/Snake/Uroburos/Group 88/Krypton/G0010 (FSB, 16th / 18th Center);Switzerland;1;[Critical infrastructure];[Defence industry];1;YES;No;;4;https://eurepoc.eu/incident/ruag-hack
586;Fancy Bear Ukraine Military App;2014-01-01;2016-01-01;Fancy Bear/APT28/Sofacy/Pawn Storm/Group 74/Sednit/Tsar Team/STRONTIUM/Grizzly Steppe/SNAKEMACKEREL/IRON TWILIGHT/TG-4127/Group G0007 (GRU, 85th Main Special Service Center (GTsSS) Military Unit 26165);Ukraine;1;[State institutions / political system];[Military];1;YES;No;;4;https://eurepoc.eu/incident/fancy-bear-ukraine-military-app
588;APT 3 vs. Siemens;2014-01-01;2015-01-01;"Boyusec; APT3/Gothic Panda/Buckeye/UPS Team/Group 6/TG-0110/G0022 (MSS, Boyusec)";Germany;1;[Corporate Targets (corporate targets only coded if the respective company is no part of the critical infrastructure definition)];;1;NO;No;;3;https://eurepoc.eu/incident/apt-3-vs-siemens
597;SEA vs. Saudi Websites;2014-01-16;2014-01-16;Syrian Electronic Army;Saudi Arabia;1;[State institutions / political system];[Government / ministries];1;NO;No;;1;https://eurepoc.eu/incident/sea-vs-saudi-websites
607;SEA vs. Opposition;2014-03-01;2014-03-01;Syrian Electronic Army;Syria;1;[Social groups];[Political opposition / dissidents / expats];1;NO;No;;1;https://eurepoc.eu/incident/sea-vs-opposition
626;SEA vs. mediasites;2014-06-22;2014-06-22;Syrian Electronic Army;"United States; United Kingdom";2;"[Media]; [Media]";;1;NO;No;;1;https://eurepoc.eu/incident/sea-vs-mediasites
632;SEA vs IDF;2014-07-03;2014-07-03;Syrian Electronic Army;Israel;1;[State institutions / political system];[Military];1;YES;No;;1;https://eurepoc.eu/incident/sea-vs-idf
649;SEA vs. UNICEF;2014-10-02;2014-02-10;Syrian Electronic Army;UNICEF;2;[International / supranational organization];;1;NO;No;;1;https://eurepoc.eu/incident/sea-vs-unicef
658;US/GB/CAN-Media-HackSEA;2014-11-27;2014-11-27;Syrian Electronic Army;"France; United States; Canada; United Kingdom";4;"[Corporate Targets (corporate targets only coded if the respective company is no part of the critical infrastructure definition)]; [Corporate Targets (corporate targets only coded if the respective company is no part of the critical infrastructure definition)]; [Corporate Targets (corporate targets only coded if the respective company is no part of the critical infrastructure definition)]; [Corporate Targets (corporate targets only coded if the respective company is no part of the critical infrastructure definition)]";;1;NO;No;;1;https://eurepoc.eu/incident/us-gb-can-media-hack-sea
662;Fancy Bear vs. Westinghouse;2014-12-10;2015-11-18;"GRU; Fancy Bear/APT28/Sofacy/Pawn Storm/Group 74/Sednit/Tsar Team/STRONTIUM/Grizzly Steppe/SNAKEMACKEREL/IRON TWILIGHT/TG-4127/Group G0007 (GRU, 85th Main Special Service Center (GTsSS) Military Unit 26165)";United States;1;[Critical infrastructure];[Energy];1;YES;No;;2;https://eurepoc.eu/incident/fancy-bear-vs-westinghouse
663;Perennial espionage-campaign by Chinese Winnti/WickedPanda vs. Various German Companies in the Chemical, Pharma and Technology Sector.;2014-01-01;2019-01-01;APT41/BARIUM/Wicked Panda/G0096 (Chengdu 404 Network Technology) < Winnti Umbrella/G0044;"Germany; Japan";2;"[Critical infrastructure; Critical infrastructure; Corporate Targets (corporate targets only coded if the respective company is no part of the critical infrastructure definition)]; [Critical infrastructure; Critical infrastructure; Corporate Targets (corporate targets only coded if the respective company is no part of the critical infrastructure definition)]";"[Health; Chemicals]; [Health; Chemicals]";3;YES;No;;3;https://eurepoc.eu/incident/perennial-espionage-campaign-by-chinese-winnti-wicked-panda-vs-various-german-companies-in-the-chemical-pharma-and-technology-sector
667;Grey Energy;2015-01-01;2018-01-01;"Sandworm/VOODOO Bear/Quedagh/TeleBots/IRON VIKING/Black Energy/IRIDIUM/ELECTRUM/G0034 (GRU, Main Centre for Special Technologies (GTsST) Military Unit 74455); Sandworm/VOODOO Bear/Quedagh/TeleBots/IRON VIKING/Black Energy/IRIDIUM/ELECTRUM/G0034 (GRU, Main Centre for Special Technologies (GTsST) Military Unit 74455)";"Ukraine; Poland";2;"[Critical infrastructure]; [Critical infrastructure]";"[Energy]; [Energy]";1;YES;No;;3;https://eurepoc.eu/incident/grey-energy
686;Open Society Foundation Tainted Leaks;2015-01-01;2015-11-01;Fancy Bear/APT28/Sofacy/Pawn Storm/Group 74/Sednit/Tsar Team/STRONTIUM/Grizzly Steppe/SNAKEMACKEREL/IRON TWILIGHT/TG-4127/Group G0007 (GRU, 85th Main Special Service Center (GTsSS) Military Unit 26165);"Europe (region); Russia; United States";12;"[Social groups]; [Social groups]; [Social groups]";"[Other social groups]; [Other social groups]; [Other social groups]";1;NO;No;;1;https://eurepoc.eu/incident/open-society-foundation-tainted-leaks
692;Le Monde-SEA-Hack;2015-01-21;2015-01-21;Syrian Electronic Army;France;1;[Media];;1;NO;No;;1;https://eurepoc.eu/incident/le-monde-sea-hack
695;Fancy Bear vs. Bellingcat;2015-02-01;2016-02-01;Fancy Bear/APT28/Sofacy/Pawn Storm/Group 74/Sednit/Tsar Team/STRONTIUM/Grizzly Steppe/SNAKEMACKEREL/IRON TWILIGHT/TG-4127/Group G0007 (GRU, 85th Main Special Service Center (GTsSS) Military Unit 26165);United Kingdom;1;[Media];;1;NO;No;;1;https://eurepoc.eu/incident/fancy-bear-vs-bellingcat
699;Fancy Bear vs. Denmark;2015-03-01;2016-10-01;Fancy Bear/APT28/Sofacy/Pawn Storm/Group 74/Sednit/Tsar Team/STRONTIUM/Grizzly Steppe/SNAKEMACKEREL/IRON TWILIGHT/TG-4127/Group G0007 (GRU, 85th Main Special Service Center (GTsSS) Military Unit 26165);Denmark;1;[State institutions / political system];[Military];1;YES;No;;1;https://eurepoc.eu/incident/fancy-bear-vs-denmark
703;Sandworm vs. Ukrainian Company StarLight Media - 2015;2015-04-01;2015-10-01;Sandworm/VOODOO Bear/Quedagh/TeleBots/IRON VIKING/Black Energy/IRIDIUM/ELECTRUM/G0034 (GRU, Main Centre for Special Technologies (GTsST) Military Unit 74455);Ukraine;1;[Corporate Targets (corporate targets only coded if the respective company is no part of the critical infrastructure definition)];;1;NO;No;;3;https://eurepoc.eu/incident/sandworm-vs-ukrainian-company-star-light-media-2015
712;Bundestags Hack 2015;2015-04-13;2015-05-20;"GRU; Fancy Bear/APT28/Sofacy/Pawn Storm/Group 74/Sednit/Tsar Team/STRONTIUM/Grizzly Steppe/SNAKEMACKEREL/IRON TWILIGHT/TG-4127/Group G0007 (GRU, 85th Main Special Service Center (GTsSS) Military Unit 26165)";Germany;1;[State institutions / political system];[Legislative];1;YES;No;;4;https://eurepoc.eu/incident/bundestags-hack-2015
721;DNC-Hack (Cozy Bear);2015-06-01;2016-06-01;Cozy Bear/APT29/Dukes/Group 100/IRON HEMLOCK/NOBELIUM/UNC2452/Cozy Duke/YTTRIUM/G0016 (SVR);United States;1;[State institutions / political system];[Political parties];1;YES;No;;4;https://eurepoc.eu/incident/dnc-hack-cozy-bear
724;U.S.Army Website Hack 2015;2015-06-08;2015-08-06;Syrian Electronic Army;United States;1;[State institutions / political system];[Military];1;YES;No;;1;https://eurepoc.eu/incident/u-s-army-website-hack-2015
731;Colin Powell Hacked;2015-07-01;2016-08-01;Fancy Bear/APT28/Sofacy/Pawn Storm/Group 74/Sednit/Tsar Team/STRONTIUM/Grizzly Steppe/SNAKEMACKEREL/IRON TWILIGHT/TG-4127/Group G0007 (GRU, 85th Main Special Service Center (GTsSS) Military Unit 26165);United States;1;[State institutions / political system];[Government / ministries];1;YES;No;;1;https://eurepoc.eu/incident/colin-powell-hacked
738;British Television Station Hack;2015-07-01;2016-07-01;Fancy Bear/APT28/Sofacy/Pawn Storm/Group 74/Sednit/Tsar Team/STRONTIUM/Grizzly Steppe/SNAKEMACKEREL/IRON TWILIGHT/TG-4127/Group G0007 (GRU, 85th Main Special Service Center (GTsSS) Military Unit 26165);United Kingdom;1;[Media];;1;NO;No;;1;https://eurepoc.eu/incident/british-television-station-hack
747;TV5 Le Monde Attack 2015;2015-09-04;2015-10-04;"Fancy Bear/APT28/Sofacy/Pawn Storm/Group 74/Sednit/Tsar Team/STRONTIUM/Grizzly Steppe/SNAKEMACKEREL/IRON TWILIGHT/TG-4127/Group G0007 (GRU, 85th Main Special Service Center (GTsSS) Military Unit 26165); Fancy Bear/APT28/Sofacy/Pawn Storm/Group 74/Sednit/Tsar Team/STRONTIUM/Grizzly Steppe/SNAKEMACKEREL/IRON TWILIGHT/TG-4127/Group G0007 (GRU, 85th Main Special Service Center (GTsSS) Military Unit 26165)";France;1;[Media];;1;NO;No;;3;https://eurepoc.eu/incident/tv-5-le-monde-attack-2015
776;Sandworm vs. Ukrainian Railway company and airport - 2015;2015-12-01;2015-12-01;Sandworm/VOODOO Bear/Quedagh/TeleBots/IRON VIKING/Black Energy/IRIDIUM/ELECTRUM/G0034 (GRU, Main Centre for Special Technologies (GTsST) Military Unit 74455);Ukraine;1;[Critical infrastructure];[Transportation];1;YES;No;;3;https://eurepoc.eu/incident/sandworm-vs-ukrainian-railway-company-and-airport-2015
777;Trimble Hack;2015-12-01;2016-03-01;"APT3/Gothic Panda/Buckeye/UPS Team/Group 6/TG-0110/G0022 (MSS, Boyusec); Boyusec";United States;1;[Corporate Targets (corporate targets only coded if the respective company is no part of the critical infrastructure definition)];;1;NO;No;;4;https://eurepoc.eu/incident/trimble-hack
781;Dragonfly 2.0 (2015-2017);2015-12-01;2017-01-01;Energetic Bear/Dragonfly/Crouching Yeti/DYMALLOY/Group 24/Havex/TEMP.Isotope/TG-4192/IRON LIBERTY/G0035 (FSB, 16th Center);"Switzerland; Turkey; United States";3;"[Critical infrastructure]; [Critical infrastructure]; [Critical infrastructure]";"[Energy]; [Energy]; [Energy]";1;YES;No;;4;https://eurepoc.eu/incident/dragonfly-2-0-2015-2017
786;Ukraine Power Outage 2015;2015-12-23;2015-12-01;"Sandworm/VOODOO Bear/Quedagh/TeleBots/IRON VIKING/Black Energy/IRIDIUM/ELECTRUM/G0034 (GRU, Main Centre for Special Technologies (GTsST) Military Unit 74455); GRU";Ukraine;1;[Critical infrastructure];[Energy];1;YES;No;;9;https://eurepoc.eu/incident/ukraine-power-outage-2015
793;Chinese use of zero-day Jian/EpMe;2015-01-01;2017-03-01;APT31/ZIRCONIUM/BRONZE VINEWOOD/G0128;United States;1;[Unknown];;1;NO;Yes;One;1;https://eurepoc.eu/incident/chinese-use-of-zero-day-jian-ep-me
798;Tainted Leaks 2016;2016-01-01;2017-01-01;"Cyber Berkut; Fancy Bear/APT28/Sofacy/Pawn Storm/Group 74/Sednit/Tsar Team/STRONTIUM/Grizzly Steppe/SNAKEMACKEREL/IRON TWILIGHT/TG-4127/Group G0007 (GRU, 85th Main Special Service Center (GTsSS) Military Unit 26165)";"United States; Armenia; Russia; Ukraine; Canada; Turkey; Afghanistan; Georgia; Austria";9;"[State institutions / political system; State institutions / political system; State institutions / political system]; [State institutions / political system; State institutions / political system; State institutions / political system]; [State institutions / political system; State institutions / political system; State institutions / political system]; [State institutions / political system; State institutions / political system; State institutions / political system]; [State institutions / political system; State institutions / political system; State institutions / political system]; [State institutions / political system; State institutions / political system; State institutions / political system]; [State institutions / political system; State institutions / political system; State institutions / political system]; [State institutions / political system; State institutions / political system; State institutions / political system]; [State institutions / political system; State institutions / political system; State institutions / political system]";"[Government / ministries; Military]; [Government / ministries; Military]; [Government / ministries; Military]; [Government / ministries; Military]; [Government / ministries; Military]; [Government / ministries; Military]; [Government / ministries; Military]; [Government / ministries; Military]; [Government / ministries; Military]";2;YES;No;;2;https://eurepoc.eu/incident/tainted-leaks-2016
799;"Turla Malware ""Gazer""";2016-01-01;2017-01-01;Turla/Waterbug/Venomous Bear/Snake/Uroburos/Group 88/Krypton/G0010 (FSB, 16th / 18th Center);Europe (region);10;[State institutions / political system];;1;YES;No;;3;https://eurepoc.eu/incident/turla-malware-gazer
802;SEA android spyware;2016-01-01;2018-01-01;"Syrian Electronic Army; Th3Pr0";Unknown;1;[End user(s) / specially protected groups];;1;NO;No;;3;https://eurepoc.eu/incident/sea-android-spyware
808;Buckeye (aka APT  3/Boyusec) used NSA Tools;2016-01-01;2018-01-01;APT3/Gothic Panda/Buckeye/UPS Team/Group 6/TG-0110/G0022 (MSS, Boyusec);"Philippines; Hong Kong; Luxembourg; Belgium; Vietnam";5;"[Critical infrastructure; Science]; [Critical infrastructure; Science]; [Critical infrastructure; Science]; [Critical infrastructure; Science]; [Critical infrastructure; Science]";"[Telecommunications]; [Telecommunications]; [Telecommunications]; [Telecommunications]; [Telecommunications]";1;YES;Yes;multiple;3;https://eurepoc.eu/incident/buckeye-aka-apt-3-boyusec-used-nsa-tools
811;Russian APTs hack Czech MFAI;2016-01-01;2017-12-01;"Fancy Bear/APT28/Sofacy/Pawn Storm/Group 74/Sednit/Tsar Team/STRONTIUM/Grizzly Steppe/SNAKEMACKEREL/IRON TWILIGHT/TG-4127/Group G0007 (GRU, 85th Main Special Service Center (GTsSS) Military Unit 26165); Turla/Waterbug/Venomous Bear/Snake/Uroburos/Group 88/Krypton/G0010 (FSB, 16th / 18th Center)";Czech Republic;1;"[State institutions / political system; State institutions / political system]";"[Government / ministries; Military]";2;YES;No;;4;https://eurepoc.eu/incident/russian-ap-ts-hack-czech-mfai
812;APT  10 2016/2017 Operation;2016-01-01;2017-01-01;APT10/Stone Panda/MenuPass Team/Cloud Hopper/Red Apollo/Cicada/POTASSIUM/BRONZE RIVERSIDE/CVNX/HOGFISH/G0045 (MSS, Tianjin State Security Bureau);"Northern Europe; India; Japan; Global (region)";22;"[Corporate Targets (corporate targets only coded if the respective company is no part of the critical infrastructure definition)]; [Corporate Targets (corporate targets only coded if the respective company is no part of the critical infrastructure definition)]; [Corporate Targets (corporate targets only coded if the respective company is no part of the critical infrastructure definition)]; [Corporate Targets (corporate targets only coded if the respective company is no part of the critical infrastructure definition)]";;1;NO;No;;3;https://eurepoc.eu/incident/apt-10-2016-2017-operation
838;WhiteBear project by Turla;2016-02-01;2017-01-01;"WhiteBear/Skipper Turla; Turla/Waterbug/Venomous Bear/Snake/Uroburos/Group 88/Krypton/G0010 (FSB, 16th / 18th Center)";Global (region);15;[State institutions / political system];;1;YES;No;;3;https://eurepoc.eu/incident/white-bear-project-by-turla
862;DNC-Hack (Fancy Bear);2016-04-01;2016-06-01;Fancy Bear/APT28/Sofacy/Pawn Storm/Group 74/Sednit/Tsar Team/STRONTIUM/Grizzly Steppe/SNAKEMACKEREL/IRON TWILIGHT/TG-4127/Group G0007 (GRU, 85th Main Special Service Center (GTsSS) Military Unit 26165);United States;1;[State institutions / political system];[Political parties];1;YES;No;;2;https://eurepoc.eu/incident/dnc-hack-fancy-bear
886;Diplomats in EasternEurope bitten by a TurlaMosquito;2016-07-01;2018-01-01;"FSB; Turla/Waterbug/Venomous Bear/Snake/Uroburos/Group 88/Krypton/G0010 (FSB, 16th / 18th Center)";Eastern Europe;5;"[State institutions / political system; State institutions / political system; State institutions / political system]";"[Government / ministries; Civil service / administration]";2;YES;No;;3;https://eurepoc.eu/incident/diplomats-in-eastern-europe-bitten-by-a-turla-mosquito
897;WADA-Hack;2016-08-01;2016-09-01;Fancy Bear/APT28/Sofacy/Pawn Storm/Group 74/Sednit/Tsar Team/STRONTIUM/Grizzly Steppe/SNAKEMACKEREL/IRON TWILIGHT/TG-4127/Group G0007 (GRU, 85th Main Special Service Center (GTsSS) Military Unit 26165);World Anti-Doping Agency;2;[International / supranational organization];;1;NO;No;;2;https://eurepoc.eu/incident/wada-hack
898;APT  3 vs. Hongkong Organizations and Government Agencies;2016-08-01;2016-08-01;"Boyusec; APT3/Gothic Panda/Buckeye/UPS Team/Group 6/TG-0110/G0022 (MSS, Boyusec)";Hong Kong;1;"[State institutions / political system; Other]";[Government / ministries];2;YES;No;;3;https://eurepoc.eu/incident/apt-3-vs-hongkong-organizations-and-government-agencies
912;Bradley-Foundation Hack;2016-10-01;2016-10-01;Fancy Bear/APT28/Sofacy/Pawn Storm/Group 74/Sednit/Tsar Team/STRONTIUM/Grizzly Steppe/SNAKEMACKEREL/IRON TWILIGHT/TG-4127/Group G0007 (GRU, 85th Main Special Service Center (GTsSS) Military Unit 26165);United States;1;[Social groups];[Other social groups];1;NO;No;;2;https://eurepoc.eu/incident/bradley-foundation-hack
922;CozyBear vs. US-Think Tanks etc.;2016-11-08;2016-11-08;Cozy Bear/APT29/Dukes/Group 100/IRON HEMLOCK/NOBELIUM/UNC2452/Cozy Duke/YTTRIUM/G0016 (SVR);United States;1;"[Social groups; Science]";[Other social groups];2;NO;No;;3;https://eurepoc.eu/incident/cozy-bear-vs-us-think-tanks-etc
941;Sandworm 2.0-Attacks on Ukrainian financial Institutions - 2016;2016-12-06;2016-12-08;"GRU; Sandworm/VOODOO Bear/Quedagh/TeleBots/IRON VIKING/Black Energy/IRIDIUM/ELECTRUM/G0034 (GRU, Main Centre for Special Technologies (GTsST) Military Unit 74455)";Ukraine;1;"[State institutions / political system; Critical infrastructure; Corporate Targets (corporate targets only coded if the respective company is no part of the critical infrastructure definition)]";"[Civil service / administration; Finance]";3;YES;No;;4;https://eurepoc.eu/incident/sandworm-2-0-attacks-on-ukrainian-financial-institutions-2016
947;Ukraine Power Grid 2;2016-12-17;2016-12-18;Sandworm/VOODOO Bear/Quedagh/TeleBots/IRON VIKING/Black Energy/IRIDIUM/ELECTRUM/G0034 (GRU, Main Centre for Special Technologies (GTsST) Military Unit 74455);Ukraine;1;[Critical infrastructure];[Energy];1;YES;No;;7;https://eurepoc.eu/incident/ukraine-power-grid-2
950;UN International Civil Aviation Organization hack;2016-11-01;2016-01-01;Emissary Panda/APT27/Lucky Mouse/BRONZE UNION/TEMP.Hippo/Group 35/TG-3390/Iron Tiger/ZipToken/G0027;Turkey;1;"[State institutions / political system; International / supranational organization]";[Government / ministries];2;YES;No;;3;https://eurepoc.eu/incident/un-international-civil-aviation-organization-hack
951;Montenegro national election 2016;2016-10-13;2016-10-16;Fancy Bear/APT28/Sofacy/Pawn Storm/Group 74/Sednit/Tsar Team/STRONTIUM/Grizzly Steppe/SNAKEMACKEREL/IRON TWILIGHT/TG-4127/Group G0007 (GRU, 85th Main Special Service Center (GTsSS) Military Unit 26165);Montenegro;1;"[State institutions / political system; State institutions / political system; Media]";"[Political parties; Election infrastructure / related systems]";3;YES;No;;1;https://eurepoc.eu/incident/montenegro-national-election-2016
952;Bulgaria presidential election and referendum hack;2016-10-01;2016-10-01;Fancy Bear/APT28/Sofacy/Pawn Storm/Group 74/Sednit/Tsar Team/STRONTIUM/Grizzly Steppe/SNAKEMACKEREL/IRON TWILIGHT/TG-4127/Group G0007 (GRU, 85th Main Special Service Center (GTsSS) Military Unit 26165);Bulgaria;1;[State institutions / political system];[Election infrastructure / related systems];1;YES;No;;1;https://eurepoc.eu/incident/bulgaria-presidential-election-and-referendum-hack
953;Chinese espionage campaign;2016-06-01;2016-06-01;Emissary Panda/APT27/Lucky Mouse/BRONZE UNION/TEMP.Hippo/Group 35/TG-3390/Iron Tiger/ZipToken/G0027;"Europe (region); France";11;"[Critical infrastructure; Critical infrastructure]; [Critical infrastructure; Critical infrastructure]";"[Energy; Defence industry]; [Energy; Defence industry]";2;YES;No;;3;https://eurepoc.eu/incident/chinese-espionage-campaign
956;Tick aka PLA Unit 61419 vs. Japanese Defense Companies;2016-01-01;2021-01-01;"PLA Unit 61419; Tick/BRONZE BUTLER/REBALDKNIGHT/G0060 (PLA, Unit 61419)";Japan;1;"[Critical infrastructure; Critical infrastructure; Media]";"[Transportation; Defence industry]";3;YES;No;;1;https://eurepoc.eu/incident/tick-aka-pla-unit-61419-vs-japanese-defense-companies
959;Darkpulsar;2017-01-01;2017-01-01;NSA/Equation Group;"Iran, Islamic Republic of; Egypt; Russia";3;"[Critical infrastructure; Critical infrastructure; Critical infrastructure; Science]; [Critical infrastructure; Critical infrastructure; Critical infrastructure; Science]; [Critical infrastructure; Critical infrastructure; Critical infrastructure; Science]";"[Energy; Chemicals; Defence industry]; [Energy; Chemicals; Defence industry]; [Energy; Chemicals; Defence industry]";3;YES;No;;3;https://eurepoc.eu/incident/darkpulsar
964;Macron Leaks;2017-01-01;2018-01-01;Fancy Bear/APT28/Sofacy/Pawn Storm/Group 74/Sednit/Tsar Team/STRONTIUM/Grizzly Steppe/SNAKEMACKEREL/IRON TWILIGHT/TG-4127/Group G0007 (GRU, 85th Main Special Service Center (GTsSS) Military Unit 26165);France;1;"[State institutions / political system; State institutions / political system]";[Political parties];1;YES;No;;1;https://eurepoc.eu/incident/macron-leaks
975;Fancy Bear UN-Mail Leak;2017-01-01;2017-01-01;Fancy Bear/APT28/Sofacy/Pawn Storm/Group 74/Sednit/Tsar Team/STRONTIUM/Grizzly Steppe/SNAKEMACKEREL/IRON TWILIGHT/TG-4127/Group G0007 (GRU, 85th Main Special Service Center (GTsSS) Military Unit 26165);United Nations Organization;2;[International / supranational organization];;1;NO;No;;1;https://eurepoc.eu/incident/fancy-bear-un-mail-leak
980;"""Bundeshack""";2017-01-01;2017-12-01;Turla/Waterbug/Venomous Bear/Snake/Uroburos/Group 88/Krypton/G0010 (FSB, 16th / 18th Center);Germany;1;[State institutions / political system];[Legislative];1;YES;No;;4;https://eurepoc.eu/incident/bundeshack
984;APT28 Intelligence Gathering;2017-01-01;2018-01-01;Fancy Bear/APT28/Sofacy/Pawn Storm/Group 74/Sednit/Tsar Team/STRONTIUM/Grizzly Steppe/SNAKEMACKEREL/IRON TWILIGHT/TG-4127/Group G0007 (GRU, 85th Main Special Service Center (GTsSS) Military Unit 26165);"Europe (region); South America";20;"[State institutions / political system]; [State institutions / political system]";;1;YES;No;;3;https://eurepoc.eu/incident/apt-28-intelligence-gathering
989;Russian hackergroup CozyBear vs. Norway;2017-02-03;2017-02-03;Cozy Bear/APT29/Dukes/Group 100/IRON HEMLOCK/NOBELIUM/UNC2452/Cozy Duke/YTTRIUM/G0016 (SVR);Norway;1;"[State institutions / political system; State institutions / political system]";"[Government / ministries; Political parties]";2;YES;No;;1;https://eurepoc.eu/incident/russian-hackergroup-cozy-bear-vs-norway
1001;Attack on various US progressive groups (probably by CozyBear);2017-03-06;2017-03-06;Cozy Bear/APT29/Dukes/Group 100/IRON HEMLOCK/NOBELIUM/UNC2452/Cozy Duke/YTTRIUM/G0016 (SVR);United States;1;[Social groups];[Other social groups];1;NO;No;;1;https://eurepoc.eu/incident/attack-on-various-us-progressive-groups-probably-by-cozy-bear
1006;IAAF Hack;2017-04-01;2017-04-01;Fancy Bear/APT28/Sofacy/Pawn Storm/Group 74/Sednit/Tsar Team/STRONTIUM/Grizzly Steppe/SNAKEMACKEREL/IRON TWILIGHT/TG-4127/Group G0007 (GRU, 85th Main Special Service Center (GTsSS) Military Unit 26165);International Association of Athletics Federations;2;[International / supranational organization];;1;NO;No;;4;https://eurepoc.eu/incident/iaaf-hack
1010;APT28 Operation Dealer`s Choice - 2017;2017-04-01;2017-12-01;Fancy Bear/APT28/Sofacy/Pawn Storm/Group 74/Sednit/Tsar Team/STRONTIUM/Grizzly Steppe/SNAKEMACKEREL/IRON TWILIGHT/TG-4127/Group G0007 (GRU, 85th Main Special Service Center (GTsSS) Military Unit 26165);"NATO (region); Ukraine";6;"[State institutions / political system]; [State institutions / political system]";"[Military]; [Military]";1;YES;No;;3;https://eurepoc.eu/incident/apt-28-operation-dealer-s-choice-2017
1013;Leviathan aka TEMP.periscope aka APT 40 influences on the election in Cambodia;2017-04-01;2018-07-01;APT40/Leviathan/TEMP.Periscope/TEMP.Jumper/GADOLINIUM/BRONZE MOHAWK/MUDCARP/KRYPTONITE PANDA/TA423/G0065 (MSS, Hainan State Security Department/Hainan Xiandun Technology Company);Cambodia;1;"[State institutions / political system; State institutions / political system; Social groups; Media]";"[Legislative; Election infrastructure / related systems; Advocacy / activists (e.g. human rights organizations)]";4;YES;No;;3;https://eurepoc.eu/incident/leviathan-aka-temp-periscope-aka-apt-40-influences-on-the-election-in-cambodia
1017;Berserker Bear;2017-05-01;2017-08-01;"Energetic Bear/Dragonfly/Crouching Yeti/DYMALLOY/Group 24/Havex/TEMP.Isotope/TG-4192/IRON LIBERTY/G0035 (FSB, 16th Center); Energetic Bear/Dragonfly/Crouching Yeti/DYMALLOY/Group 24/Havex/TEMP.Isotope/TG-4192/IRON LIBERTY/G0035 (FSB, 16th Center)";Germany;1;[Critical infrastructure];[Energy];1;YES;No;;3;https://eurepoc.eu/incident/berserker-bear
1024;ATP28 vs. Montenegro;2017-06-01;2017-06-01;Fancy Bear/APT28/Sofacy/Pawn Storm/Group 74/Sednit/Tsar Team/STRONTIUM/Grizzly Steppe/SNAKEMACKEREL/IRON TWILIGHT/TG-4127/Group G0007 (GRU, 85th Main Special Service Center (GTsSS) Military Unit 26165);Montenegro;1;[State institutions / political system];[Government / ministries];1;YES;No;;3;https://eurepoc.eu/incident/atp-28-vs-montenegro
1032;NotPetya;2017-06-27;2017-06-27;Sandworm/VOODOO Bear/Quedagh/TeleBots/IRON VIKING/Black Energy/IRIDIUM/ELECTRUM/G0034 (GRU, Main Centre for Special Technologies (GTsST) Military Unit 74455);"United Kingdom; Denmark; Australia; Ukraine; Poland; United States; France; Spain; Germany; Italy";10;"[State institutions / political system; Critical infrastructure; Critical infrastructure; Critical infrastructure]; [State institutions / political system; Critical infrastructure; Critical infrastructure; Critical infrastructure]; [State institutions / political system; Critical infrastructure; Critical infrastructure; Critical infrastructure]; [State institutions / political system; Critical infrastructure; Critical infrastructure; Critical infrastructure]; [State institutions / political system; Critical infrastructure; Critical infrastructure; Critical infrastructure]; [State institutions / political system; Critical infrastructure; Critical infrastructure; Critical infrastructure]; [State institutions / political system; Critical infrastructure; Critical infrastructure; Critical infrastructure]; [State institutions / political system; Critical infrastructure; Critical infrastructure; Critical infrastructure]; [State institutions / political system; Critical infrastructure; Critical infrastructure; Critical infrastructure]; [State institutions / political system; Critical infrastructure; Critical infrastructure; Critical infrastructure]";"[Government / ministries; Energy; Transportation; Finance]; [Government / ministries; Energy; Transportation; Finance]; [Government / ministries; Energy; Transportation; Finance]; [Government / ministries; Energy; Transportation; Finance]; [Government / ministries; Energy; Transportation; Finance]; [Government / ministries; Energy; Transportation; Finance]; [Government / ministries; Energy; Transportation; Finance]; [Government / ministries; Energy; Transportation; Finance]; [Government / ministries; Energy; Transportation; Finance]; [Government / ministries; Energy; Transportation; Finance]";4;YES;No;;4;https://eurepoc.eu/incident/not-petya-1
1033;Gamefish;2017-07-01;2017-09-01;Fancy Bear/APT28/Sofacy/Pawn Storm/Group 74/Sednit/Tsar Team/STRONTIUM/Grizzly Steppe/SNAKEMACKEREL/IRON TWILIGHT/TG-4127/Group G0007 (GRU, 85th Main Special Service Center (GTsSS) Military Unit 26165);Unknown;1;[Other];;1;NO;No;;1;https://eurepoc.eu/incident/gamefish
1038;Sandworm vs. GermanMedia - 2017;2017-08-01;2017-08-01;Sandworm/VOODOO Bear/Quedagh/TeleBots/IRON VIKING/Black Energy/IRIDIUM/ELECTRUM/G0034 (GRU, Main Centre for Special Technologies (GTsST) Military Unit 74455);Germany;1;"[Critical infrastructure; Media]";[Chemicals];2;YES;No;;3;https://eurepoc.eu/incident/sandworm-vs-german-media-2017
1041;Axiom vs. Software Ccleaner;2017-08-01;2017-01-01;"Axiom/APT17/Tailgater Team/Group 72/Dogfish/G0001 (MSS, Jinan Bureau) < Winnti Umbrella/G0044 ; Axiom/APT17/Tailgater Team/Group 72/Dogfish/G0001 (MSS, Jinan Bureau) < Winnti Umbrella/G0044 ";United States;1;[Corporate Targets (corporate targets only coded if the respective company is no part of the critical infrastructure definition)];;1;NO;No;;3;https://eurepoc.eu/incident/axiom-vs-software-ccleaner
1046;Russian ATP Turla attacks G-20 participants;2017-08-17;2017-08-17;Turla/Waterbug/Venomous Bear/Snake/Uroburos/Group 88/Krypton/G0010 (FSB, 16th / 18th Center);;;;;;;No;;3;https://eurepoc.eu/incident/russian-atp-turla-attacks-g-20-participants
1057;VPN Filter;2017-10-01;2018-01-01;Fancy Bear/APT28/Sofacy/Pawn Storm/Group 74/Sednit/Tsar Team/STRONTIUM/Grizzly Steppe/SNAKEMACKEREL/IRON TWILIGHT/TG-4127/Group G0007 (GRU, 85th Main Special Service Center (GTsSS) Military Unit 26165);Global (region);15;[End user(s) / specially protected groups];;1;NO;No;;3;https://eurepoc.eu/incident/vpn-filter
1060;EmissaryPanda (ChineseAPT ) attacks the Mongolian national datacenter;2017-10-01;2017-01-01;Emissary Panda/APT27/Lucky Mouse/BRONZE UNION/TEMP.Hippo/Group 35/TG-3390/Iron Tiger/ZipToken/G0027;Mongolia;1;[State institutions / political system];;1;YES;No;;1;https://eurepoc.eu/incident/emissary-panda-chinese-apt-attacks-the-mongolian-national-datacenter
1063;World War 3;2017-10-18;2017-01-01;Fancy Bear/APT28/Sofacy/Pawn Storm/Group 74/Sednit/Tsar Team/STRONTIUM/Grizzly Steppe/SNAKEMACKEREL/IRON TWILIGHT/TG-4127/Group G0007 (GRU, 85th Main Special Service Center (GTsSS) Military Unit 26165);"United States; Europe (region)";11;"[State institutions / political system; Corporate Targets (corporate targets only coded if the respective company is no part of the critical infrastructure definition)]; [State institutions / political system; Corporate Targets (corporate targets only coded if the respective company is no part of the critical infrastructure definition)]";"[Government / ministries]; [Government / ministries]";2;YES;No;;3;https://eurepoc.eu/incident/world-war-3
1065;BadRabbit - 2017;2017-10-24;2017-10-24;"Sandworm/VOODOO Bear/Quedagh/TeleBots/IRON VIKING/Black Energy/IRIDIUM/ELECTRUM/G0034 (GRU, Main Centre for Special Technologies (GTsST) Military Unit 74455); Fancy Bear/APT 28/Sofacy/Pawn Storm/Group 74/Sednit/Tsar Team/STRONTIUM/Grizzly Steppe/SNAKEMACKEREL/IRON TWILIGHT/TG-4127/Group G0007 (GRU, 85th Main Special Service Center (GTsSS) Military Unit 26165)";"Russia; Bulgaria; Ukraine; Turkey";4;"[State institutions / political system; Critical infrastructure; Corporate Targets (corporate targets only coded if the respective company is no part of the critical infrastructure definition)]; [State institutions / political system; Critical infrastructure; Corporate Targets (corporate targets only coded if the respective company is no part of the critical infrastructure definition)]; [State institutions / political system; Critical infrastructure; Corporate Targets (corporate targets only coded if the respective company is no part of the critical infrastructure definition)]; [State institutions / political system; Critical infrastructure; Corporate Targets (corporate targets only coded if the respective company is no part of the critical infrastructure definition)]";"[Government / ministries; Finance]; [Government / ministries; Finance]; [Government / ministries; Finance]; [Government / ministries; Finance]";3;YES;No;;4;https://eurepoc.eu/incident/bad-rabbit-2017
1074;"""Zebrocy""";2017-12-20;2018-03-03;Fancy Bear/APT28/Sofacy/Pawn Storm/Group 74/Sednit/Tsar Team/STRONTIUM/Grizzly Steppe/SNAKEMACKEREL/IRON TWILIGHT/TG-4127/Group G0007 (GRU, 85th Main Special Service Center (GTsSS) Military Unit 26165);"South Africa; Asia (region); United States; Europe (region)";22;"[State institutions / political system; State institutions / political system; Critical infrastructure; Social groups; Corporate Targets (corporate targets only coded if the respective company is no part of the critical infrastructure definition)]; [State institutions / political system; State institutions / political system; Critical infrastructure; Social groups; Corporate Targets (corporate targets only coded if the respective company is no part of the critical infrastructure definition)]; [State institutions / political system; State institutions / political system; Critical infrastructure; Social groups; Corporate Targets (corporate targets only coded if the respective company is no part of the critical infrastructure definition)]; [State institutions / political system; State institutions / political system; Critical infrastructure; Social groups; Corporate Targets (corporate targets only coded if the respective company is no part of the critical infrastructure definition)]";"[Government / ministries; Intelligence agencies; Chemicals; Other social groups]; [Government / ministries; Intelligence agencies; Chemicals; Other social groups]; [Government / ministries; Intelligence agencies; Chemicals; Other social groups]; [Government / ministries; Intelligence agencies; Chemicals; Other social groups]";5;YES;No;;3;https://eurepoc.eu/incident/zebrocy
1087;APT  10 vs. Airbus;2018-01-01;2019-01-01;"MSS; APT10/Stone Panda/MenuPass Team/Cloud Hopper/Red Apollo/Cicada/POTASSIUM/BRONZE RIVERSIDE/CVNX/HOGFISH/G0045 (MSS, Tianjin State Security Bureau)";Europe (region);10;"[Critical infrastructure; Critical infrastructure]";"[Transportation; Defence industry]";2;YES;No;;1;https://eurepoc.eu/incident/apt-10-vs-airbus
1088;Turla/Waterbug Infrastructure Hijacking;2018-01-11;2019-06-20;Turla/Waterbug/Venomous Bear/Snake/Uroburos/Group 88/Krypton/G0010 (FSB, 16th / 18th Center);"Iran, Islamic Republic of; Global (region)";16;"[State institutions / political system; State institutions / political system]; [State institutions / political system; State institutions / political system]";"[Government / ministries]; [Government / ministries]";1;YES;No;;3;https://eurepoc.eu/incident/turla-waterbug-infrastructure-hijacking
1094;Pterodo Attack by Gamaredon;2018-01-01;2018-01-01;Gamaredon Group/Shuckworm/BlueAlpha/ACTINIUM/Primitive Bear/Armageddon/DEV-0157, Group G0047 (FSB, 18th Center, Crimea);Ukraine;1;[State institutions / political system];[Government / ministries];1;YES;No;;2;https://eurepoc.eu/incident/pterodo-attack-by-gamaredon
1107;Olympic Destroyer;2018-02-09;2018-02-09;"Sandworm/VOODOO Bear/Quedagh/TeleBots/IRON VIKING/Black Energy/IRIDIUM/ELECTRUM/G0034 (GRU, Main Centre for Special Technologies (GTsST) Military Unit 74455); GRU";Korea, Republic of;1;[International / supranational organization];;1;NO;No;;4;https://eurepoc.eu/incident/olympic-destroyer
1110;LuckyMouse APT  aka Emissary Panda aka APT 27;2018-03-01;2018-09-10;Emissary Panda/APT27/Lucky Mouse/BRONZE UNION/TEMP.Hippo/Group 35/TG-3390/Iron Tiger/ZipToken/G0027;Asia (region);10;[State institutions / political system];[Government / ministries];1;YES;No;;3;https://eurepoc.eu/incident/lucky-mouse-apt-aka-emissary-panda-aka-apt-27
1133;Operation Shadow Hammer;2018-06-01;2018-11-01;"Axiom/APT17/Tailgater Team/Group 72/Dogfish/G0001 (MSS, Jinan Bureau) < Winnti Umbrella/G0044 ; APT41/BARIUM/Wicked Panda/G0096 (Chengdu 404 Network Technology) < Winnti Umbrella/G0044";Global (region);15;[End user(s) / specially protected groups];;1;NO;Yes;One;3;https://eurepoc.eu/incident/operation-shadow-hammer
1137;TEMP. Periscope aka APT 40 aka Leviathan targeted UK-based engineering company;2018-07-01;2018-07-15;APT40/Leviathan/TEMP.Periscope/TEMP.Jumper/GADOLINIUM/BRONZE MOHAWK/MUDCARP/KRYPTONITE PANDA/TA423/G0065 (MSS, Hainan State Security Department/Hainan Xiandun Technology Company);United Kingdom;1;[Corporate Targets (corporate targets only coded if the respective company is no part of the critical infrastructure definition)];;1;NO;No;;3;https://eurepoc.eu/incident/temp-periscope-aka-apt-40-aka-leviathan-targeted-uk-based-engineering-company
1142;"Operation ""RomanHoliday""";2018-07-12;2018-07-12;Fancy Bear/APT28/Sofacy/Pawn Storm/Group 74/Sednit/Tsar Team/STRONTIUM/Grizzly Steppe/SNAKEMACKEREL/IRON TWILIGHT/TG-4127/Group G0007 (GRU, 85th Main Special Service Center (GTsSS) Military Unit 26165);Italy;1;[State institutions / political system];[Military];1;YES;No;;3;https://eurepoc.eu/incident/operation-roman-holiday
1152;"Fancy Bear attacks European and US targets (""Cannon""Malware)";2018-10-01;2018-11-20;Fancy Bear/APT28/Sofacy/Pawn Storm/Group 74/Sednit/Tsar Team/STRONTIUM/Grizzly Steppe/SNAKEMACKEREL/IRON TWILIGHT/TG-4127/Group G0007 (GRU, 85th Main Special Service Center (GTsSS) Military Unit 26165);"Europe (region); United States";11;"[State institutions / political system]; [State institutions / political system]";;1;YES;No;;3;https://eurepoc.eu/incident/fancy-bear-attacks-european-and-us-targets-cannon-malware
1163;APT29s first attack after one year of silence;2018-11-14;2018-11-14;Cozy Bear/APT29/Dukes/Group 100/IRON HEMLOCK/NOBELIUM/UNC2452/Cozy Duke/YTTRIUM/G0016 (SVR);United States;1;"[State institutions / political system; Critical infrastructure; Critical infrastructure; Critical infrastructure; Corporate Targets (corporate targets only coded if the respective company is no part of the critical infrastructure definition)]";"[Government / ministries; Transportation; Health; Defence industry]";5;YES;No;;1;https://eurepoc.eu/incident/apt-29s-first-attack-after-one-year-of-silence
1165;2018 Citrix Hack by APT Iridium;2018-12-01;2019-03-01;Sandworm/VOODOO Bear/Quedagh/TeleBots/IRON VIKING/Black Energy/IRIDIUM/ELECTRUM/G0034 (GRU, Main Centre for Special Technologies (GTsST) Military Unit 74455);United States;1;[Critical infrastructure];[Defence industry];1;YES;No;;4;https://eurepoc.eu/incident/2018-citrix-hack-by-apt-iridium
1167;Fancy Bear vs. US Energy Sector;2018-12-01;2020-05-01;Fancy Bear/APT28/Sofacy/Pawn Storm/Group 74/Sednit/Tsar Team/STRONTIUM/Grizzly Steppe/SNAKEMACKEREL/IRON TWILIGHT/TG-4127/Group G0007 (GRU, 85th Main Special Service Center (GTsSS) Military Unit 26165);United States;1;"[State institutions / political system; Critical infrastructure]";"[Government / ministries; Energy]";2;YES;No;;1;https://eurepoc.eu/incident/fancy-bear-vs-us-energy-sector
1179;Operation Skeleton Key;2018-01-01;2020-01-01;"Chimera; Winnti Umbrella/G0044 (MSS, Xicheng District, Beijing)";Taiwan;1;[Corporate Targets (corporate targets only coded if the respective company is no part of the critical infrastructure definition)];;1;NO;No;;4;https://eurepoc.eu/incident/operation-skeleton-key
1185;"Pharmaceutical Company ""Bayer"" hack";2018-01-01;2019-03-31;APT41/BARIUM/Wicked Panda/G0096 (Chengdu 404 Network Technology) < Winnti Umbrella/G0044;Germany;1;[Critical infrastructure];[Health];1;YES;No;;1;https://eurepoc.eu/incident/pharmaceutical-company-bayer-hack
1192;SEA vs. Al Swarm;2018-09-01;2019-09-01;"APT-C-37; Syrian Electronic Army";ISIS;1;[Social groups];[Terrorist];1;NO;No;;3;https://eurepoc.eu/incident/sea-vs-al-swarm
1193;Norway government hack;2018-01-01;2018-01-01;APT31/ZIRCONIUM/BRONZE VINEWOOD/G0128;Norway;1;[State institutions / political system];[Government / ministries];1;YES;No;;3;https://eurepoc.eu/incident/norway-government-hack
1194;Visma hack;2018-01-01;2018-08-01;"APT31/ZIRCONIUM/BRONZE VINEWOOD/G0128; APT10/Stone Panda/MenuPass Team/Cloud Hopper/Red Apollo/Cicada/POTASSIUM/BRONZE RIVERSIDE/CVNX/HOGFISH/G0045 (MSS, Tianjin State Security Bureau)";Norway;1;[Corporate Targets (corporate targets only coded if the respective company is no part of the critical infrastructure definition)];;1;NO;No;;3;https://eurepoc.eu/incident/visma-hack
1205;Ryuk usage against US cities;2019-01-01;2019-01-01;"Temp.Mixmaster; Wizard Spider";United States;1;[State institutions / political system];[Civil service / administration];1;YES;No;;4;https://eurepoc.eu/incident/ryuk-usage-against-us-cities
1207;Gamaredon;2019-09-01;2020-02-01;Gamaredon Group/Shuckworm/BlueAlpha/ACTINIUM/Primitive Bear/Armageddon/DEV-0157, Group G0047 (FSB, 18th Center, Crimea);Ukraine;1;"[State institutions / political system; State institutions / political system; State institutions / political system; Social groups; Media]";"[Civil service / administration; Military; Police; Advocacy / activists (e.g. human rights organizations)]";5;YES;No;;3;https://eurepoc.eu/incident/gamaredon-1
1208;Ryuk usage against US coast guard;2019-12-01;2019-12-01;"Temp.Mixmaster; Wizard Spider";United States;1;[State institutions / political system];[Military];1;YES;No;;4;https://eurepoc.eu/incident/ryuk-usage-against-us-coast-guard
1209;Burisma Hack;2019-11-01;2019-11-01;"GRU; Fancy Bear/APT28/Sofacy/Pawn Storm/Group 74/Sednit/Tsar Team/STRONTIUM/Grizzly Steppe/SNAKEMACKEREL/IRON TWILIGHT/TG-4127/Group G0007 (GRU, 85th Main Special Service Center (GTsSS) Military Unit 26165)";Ukraine;1;[Corporate Targets (corporate targets only coded if the respective company is no part of the critical infrastructure definition)];;1;NO;No;;1;https://eurepoc.eu/incident/burisma-hack
1212;Fancy Bear Summer Campaign;2019-01-01;2019-01-01;Fancy Bear/APT28/Sofacy/Pawn Storm/Group 74/Sednit/Tsar Team/STRONTIUM/Grizzly Steppe/SNAKEMACKEREL/IRON TWILIGHT/TG-4127/Group G0007 (GRU, 85th Main Special Service Center (GTsSS) Military Unit 26165);"Eastern Europe; Central Asia (region)";10;"[State institutions / political system; State institutions / political system]; [State institutions / political system; State institutions / political system]";"[Government / ministries]; [Government / ministries]";1;YES;No;;3;https://eurepoc.eu/incident/fancy-bear-summer-campaign
1216;APT  40 vs. US-Universities;2019-01-01;2019-03-01;APT40/Leviathan/TEMP.Periscope/TEMP.Jumper/GADOLINIUM/BRONZE MOHAWK/MUDCARP/KRYPTONITE PANDA/TA423/G0065 (MSS, Hainan State Security Department/Hainan Xiandun Technology Company);United States;1;[Science];;1;NO;No;;2;https://eurepoc.eu/incident/apt-40-vs-us-universities
1223;Sandworm vs. Georgia - 2019;2019-10-28;2019-10-28;"Sandworm/VOODOO Bear/Quedagh/TeleBots/IRON VIKING/Black Energy/IRIDIUM/ELECTRUM/G0034 (GRU, Main Centre for Special Technologies (GTsST) Military Unit 74455); GRU Unit 74455";Georgia;1;"[State institutions / political system; Corporate Targets (corporate targets only coded if the respective company is no part of the critical infrastructure definition)]";[Election infrastructure / related systems];2;YES;No;;2;https://eurepoc.eu/incident/sandworm-vs-georgia-2019
1224;Attack on Czech MFA;2019-06-01;2019-06-01;"GRU; Fancy Bear/APT28/Sofacy/Pawn Storm/Group 74/Sednit/Tsar Team/STRONTIUM/Grizzly Steppe/SNAKEMACKEREL/IRON TWILIGHT/TG-4127/Group G0007 (GRU, 85th Main Special Service Center (GTsSS) Military Unit 26165)";Czech Republic;1;[State institutions / political system];[Government / ministries];1;YES;No;;1;https://eurepoc.eu/incident/attack-on-czech-mfa
1232;Winnti vs. Hongkong Universities;2019-03-01;2019-11-01;APT41/BARIUM/Wicked Panda/G0096 (Chengdu 404 Network Technology) < Winnti Umbrella/G0044;Hong Kong;1;[Science];;1;NO;No;;3;https://eurepoc.eu/incident/winnti-vs-hongkong-universities
1233;Turlas New Waterhole;2019-01-01;2019-11-01;Turla/Waterbug/Venomous Bear/Snake/Uroburos/Group 88/Krypton/G0010 (FSB, 16th / 18th Center);Armenia;1;[State institutions / political system];[Government / ministries];1;YES;No;;3;https://eurepoc.eu/incident/turlas-new-waterhole
1242;Emissary Panda attack on Iranian and other Middle Eastern Governments;2019-04-01;2019-01-01;Emissary Panda/APT27/Lucky Mouse/BRONZE UNION/TEMP.Hippo/Group 35/TG-3390/Iron Tiger/ZipToken/G0027;"Middle East (region); Iran, Islamic Republic of";6;"[State institutions / political system]; [State institutions / political system]";"[Government / ministries]; [Government / ministries]";1;YES;No;;3;https://eurepoc.eu/incident/emissary-panda-attack-on-iranian-and-other-middle-eastern-governments
1245;Mitsubishi hack;2019-03-18;2019-06-28;Tick/BRONZE BUTLER/REBALDKNIGHT/G0060 (PLA, Unit 61419);Japan;1;"[Critical infrastructure; Corporate Targets (corporate targets only coded if the respective company is no part of the critical infrastructure definition)]";[Defence industry];2;YES;No;;4;https://eurepoc.eu/incident/mitsubishi-hack
1250;Chinese espionage campaign against japanese organizations;2019-10-01;2020-10-01;APT10/Stone Panda/MenuPass Team/Cloud Hopper/Red Apollo/Cicada/POTASSIUM/BRONZE RIVERSIDE/CVNX/HOGFISH/G0045 (MSS, Tianjin State Security Bureau);Japan;1;[Corporate Targets (corporate targets only coded if the respective company is no part of the critical infrastructure definition)];;1;NO;No;;3;https://eurepoc.eu/incident/chinese-espionage-campaign-against-japanese-organizations
1265;Fancy Bear hacks US Federal Agency;2019-01-01;2020-01-01;"GRU; Fancy Bear/APT28/Sofacy/Pawn Storm/Group 74/Sednit/Tsar Team/STRONTIUM/Grizzly Steppe/SNAKEMACKEREL/IRON TWILIGHT/TG-4127/Group G0007 (GRU, 85th Main Special Service Center (GTsSS) Military Unit 26165)";United States;1;"[State institutions / political system; Critical infrastructure]";"[Government / ministries; Energy]";2;YES;No;;3;https://eurepoc.eu/incident/fancy-bear-hacks-us-federal-agency
1266;Double Dragon: Video Game Distributor (Supply-Chain);2014-12-01;2014-12-01;APT41/BARIUM/Wicked Panda/G0096 (Chengdu 404 Network Technology) < Winnti Umbrella/G0044;Southeast Asia (region);5;[Corporate Targets (corporate targets only coded if the respective company is no part of the critical infrastructure definition)];;1;NO;No;;2;https://eurepoc.eu/incident/double-dragon-video-game-distributor-supply-chain
1270;Operation Harvest;2016-01-01;2021-03-01;"Emissary Panda/APT27/Lucky Mouse/BRONZE UNION/TEMP.Hippo/Group 35/TG-3390/Iron Tiger/ZipToken/G0027; APT41/BARIUM/Wicked Panda/G0096 (Chengdu 404 Network Technology) < Winnti Umbrella/G0044";Unknown;1;[Unknown];;1;NO;No;;4;https://eurepoc.eu/incident/operation-harvest
1271;Russian state-sponsored hacked the internal network of Dutch police;2017-09-01;2017-09-01;"Cozy Bear/APT29/Dukes/Group 100/IRON HEMLOCK/NOBELIUM/UNC2452/Cozy Duke/YTTRIUM/G0016 (SVR); Fancy Bear/APT 28/Sofacy/Pawn Storm/Group 74/Sednit/Tsar Team/STRONTIUM/Grizzly Steppe/SNAKEMACKEREL/IRON TWILIGHT/TG-4127/Group G0007 (GRU, 85th Main Special Service Center (GTsSS) Military Unit 26165)";Netherlands;1;[State institutions / political system];[Police];1;YES;No;;1;https://eurepoc.eu/incident/russian-state-sponsored-hacked-the-internal-network-of-dutch-police
1275;Double Dragon: ShadowPad (Supply Chain);2017-07-01;2017-07-01;APT41/BARIUM/Wicked Panda/G0096 (Chengdu 404 Network Technology) < Winnti Umbrella/G0044;"Korea, Republic of; Hong Kong";2;"[Corporate Targets (corporate targets only coded if the respective company is no part of the critical infrastructure definition)]; [Corporate Targets (corporate targets only coded if the respective company is no part of the critical infrastructure definition)]";;1;NO;No;;2;https://eurepoc.eu/incident/double-dragon-shadow-pad-supply-chain
1279;Double Dragon: Crackshot backdoor (Supply-Chain);2018-07-01;2000-01-01;APT41/BARIUM/Wicked Panda/G0096 (Chengdu 404 Network Technology) < Winnti Umbrella/G0044;"Eastern Asia (region); Southeast Asia (region)";10;"[Corporate Targets (corporate targets only coded if the respective company is no part of the critical infrastructure definition)]; [Corporate Targets (corporate targets only coded if the respective company is no part of the critical infrastructure definition)]";;1;NO;No;;2;https://eurepoc.eu/incident/double-dragon-crackshot-backdoor-supply-chain
1284;Fancy Bear Global Brute Force;2019-01-01;2021-01-01;Fancy Bear/APT28/Sofacy/Pawn Storm/Group 74/Sednit/Tsar Team/STRONTIUM/Grizzly Steppe/SNAKEMACKEREL/IRON TWILIGHT/TG-4127/Group G0007 (GRU, 85th Main Special Service Center (GTsSS) Military Unit 26165);"United States; Europe (region); Global (region)";26;"[State institutions / political system; Critical infrastructure; Critical infrastructure; Critical infrastructure; Social groups; Corporate Targets (corporate targets only coded if the respective company is no part of the critical infrastructure definition)]; [State institutions / political system; Critical infrastructure; Critical infrastructure; Critical infrastructure; Social groups; Corporate Targets (corporate targets only coded if the respective company is no part of the critical infrastructure definition)]; [State institutions / political system; Critical infrastructure; Critical infrastructure; Critical infrastructure; Social groups; Corporate Targets (corporate targets only coded if the respective company is no part of the critical infrastructure definition)]";"[Government / ministries; Energy; Transportation; Defence industry; Other social groups]; [Government / ministries; Energy; Transportation; Defence industry; Other social groups]; [Government / ministries; Energy; Transportation; Defence industry; Other social groups]";6;YES;No;;3;https://eurepoc.eu/incident/fancy-bear-global-brute-force
1286;Exim Mail Transfer Agent - May 2020;2019-08-01;2020-01-01;"GRU; Sandworm/VOODOO Bear/Quedagh/TeleBots/IRON VIKING/Black Energy/IRIDIUM/ELECTRUM/G0034 (GRU, Main Centre for Special Technologies (GTsST) Military Unit 74455)";"United Kingdom; Unknown";2;"[Unknown]; [Unknown]";;1;NO;No;;1;https://eurepoc.eu/incident/exim-mail-transfer-agent-may-2020
1287;Pipemon (Supply Chain);2019-01-01;2020-01-01;APT41/BARIUM/Wicked Panda/G0096 (Chengdu 404 Network Technology) < Winnti Umbrella/G0044;"Korea, Republic of; Taiwan";2;"[Corporate Targets (corporate targets only coded if the respective company is no part of the critical infrastructure definition)]; [Corporate Targets (corporate targets only coded if the respective company is no part of the critical infrastructure definition)]";;1;NO;No;;2;https://eurepoc.eu/incident/pipemon-supply-chain
1307;Wellmess/WellMail;2020-01-01;2021-01-01;"Cozy Bear/APT29/Dukes/Group 100/IRON HEMLOCK/NOBELIUM/UNC2452/Cozy Duke/YTTRIUM/G0016 (SVR); SVR";"Canada; United States; United Kingdom";3;"[Critical infrastructure; Science]; [Critical infrastructure; Science]; [Critical infrastructure; Science]";"[Health]; [Health]; [Health]";1;YES;No;;3;https://eurepoc.eu/incident/wellmess-well-mail
1314;TinyTurla;2020-01-01;2021-08-01;Turla/Waterbug/Venomous Bear/Snake/Uroburos/Group 88/Krypton/G0010 (FSB, 16th / 18th Center);"Afghanistan; Germany; United States";3;"[State institutions / political system]; [State institutions / political system]; [State institutions / political system]";"[Government / ministries]; [Government / ministries]; [Government / ministries]";1;YES;No;;1;https://eurepoc.eu/incident/tiny-turla
1322;MoonBounce;2020-03-14;2021-12-10;APT41/BARIUM/Wicked Panda/G0096 (Chengdu 404 Network Technology) < Winnti Umbrella/G0044;Unknown;1;[Unknown];;1;NO;No;;3;https://eurepoc.eu/incident/moon-bounce
1324;Hack against cybersecurity firm Malwarebytes;2021-01-01;2021-01-01;Cozy Bear/APT29/Dukes/Group 100/IRON HEMLOCK/NOBELIUM/UNC2452/Cozy Duke/YTTRIUM/G0016 (SVR);United States;1;[Corporate Targets (corporate targets only coded if the respective company is no part of the critical infrastructure definition)];;2;YES;No;;3;https://eurepoc.eu/incident/hack-against-cybersecurity-firm-malwarebytes
1333;Microsoft Exchange Hack: Norwegian Parliament;2021-03-10;2021-03-10;Hafnium;Norway;1;[State institutions / political system];[Legislative];1;YES;No;;3;https://eurepoc.eu/incident/microsoft-exchange-hack-norwegian-parliament
1347;Cozy Bear breached  Republican National Committee;2021-06-28;2021-07-04;Cozy Bear/APT29/Dukes/Group 100/IRON HEMLOCK/NOBELIUM/UNC2452/Cozy Duke/YTTRIUM/G0016 (SVR);United States;1;[State institutions / political system];[Political parties];1;YES;No;;1;https://eurepoc.eu/incident/cozy-bear-breached-republican-national-committee
1352;Safari zero-day exploited by Russian government-backed actor;2021-01-28;2021-05-25;"SVR; Cozy Bear/APT29/Dukes/Group 100/IRON HEMLOCK/NOBELIUM/UNC2452/Cozy Duke/YTTRIUM/G0016 (SVR)";Western Europe;5;"[State institutions / political system; Corporate Targets (corporate targets only coded if the respective company is no part of the critical infrastructure definition)]";[Government / ministries];2;YES;Yes;One;3;https://eurepoc.eu/incident/safari-zero-day-exploited-by-russian-government-backed-actor
1354;APT31 targeting French organizations;2021-01-01;2000-01-01;APT31/ZIRCONIUM/BRONZE VINEWOOD/G0128;France;1;[Unknown];;1;NO;No;;4;https://eurepoc.eu/incident/apt-31-targeting-french-organizations
1356;Russian cyberspies vs. Slovak government;2021-02-01;2021-07-01;"SVR; Cozy Bear/APT29/Dukes/Group 100/IRON HEMLOCK/NOBELIUM/UNC2452/Cozy Duke/YTTRIUM/G0016 (SVR)";"Slovakia; Czech Republic; Europe (region)";12;"[State institutions / political system; State institutions / political system]; [State institutions / political system; State institutions / political system]; [State institutions / political system; State institutions / political system]";"[Government / ministries]; [Government / ministries]; [Government / ministries]";1;YES;No;;2;https://eurepoc.eu/incident/russian-cyberspies-vs-slovak-government
1394;Threat Actors Use Microsoft OneDrive for Command-and-Control in Attack Campaign;2021-09-01;2021-11-01;"Fancy Bear/APT28/Sofacy/Pawn Storm/Group 74/Sednit/Tsar Team/STRONTIUM/Grizzly Steppe/SNAKEMACKEREL/IRON TWILIGHT/TG-4127/Group G0007 (GRU, 85th Main Special Service Center (GTsSS) Military Unit 26165); GRU";Eastern Europe;5;"[State institutions / political system; State institutions / political system; Critical infrastructure]";"[Government / ministries; Military; Defence industry]";3;YES;Yes;One;3;https://eurepoc.eu/incident/threat-actors-use-microsoft-one-drive-for-command-and-control-in-attack-campaign
1399;Operation Cache Panda;2021-11-01;2022-02-01;APT10/Stone Panda/MenuPass Team/Cloud Hopper/Red Apollo/Cicada/POTASSIUM/BRONZE RIVERSIDE/CVNX/HOGFISH/G0045 (MSS, Tianjin State Security Bureau);Taiwan;1;[Critical infrastructure];[Finance];1;YES;No;;3;https://eurepoc.eu/incident/operation-cache-panda
1400;SockDetour;2021-07-27;2000-01-01;Emissary Panda/APT27/Lucky Mouse/BRONZE UNION/TEMP.Hippo/Group 35/TG-3390/Iron Tiger/ZipToken/G0027;"Global (region); United States";15;"[Critical infrastructure; Critical infrastructure; Critical infrastructure; Critical infrastructure; Corporate Targets (corporate targets only coded if the respective company is no part of the critical infrastructure definition)]; [Critical infrastructure; Critical infrastructure; Critical infrastructure; Critical infrastructure; Corporate Targets (corporate targets only coded if the respective company is no part of the critical infrastructure definition)]";"[Energy; Health; Finance; Defence industry]; [Energy; Health; Finance; Defence industry]";5;YES;No;;1;https://eurepoc.eu/incident/sock-detour
1401;U.S. State Governments Targeted by Chinese Hackers via Zero-Day in Agriculture Tool;2021-05-01;2022-02-01;APT41/BARIUM/Wicked Panda/G0096 (Chengdu 404 Network Technology) < Winnti Umbrella/G0044;United States;1;[State institutions / political system];[Government / ministries];1;YES;Yes;multiple;3;https://eurepoc.eu/incident/u-s-state-governments-targeted-by-chinese-hackers-via-zero-day-in-agriculture-tool
1414;ColunmTK (Supply Chain);2021-02-01;2021-05-01;APT41/BARIUM/Wicked Panda/G0096 (Chengdu 404 Network Technology) < Winnti Umbrella/G0044;"Malaysia; Finland; India; Singapore";4;"[Critical infrastructure]; [Critical infrastructure]; [Critical infrastructure]; [Critical infrastructure]";"[Transportation]; [Transportation]; [Transportation]; [Transportation]";1;YES;No;;3;https://eurepoc.eu/incident/colunm-tk-supply-chain
1448;Ukraine government site defacement;2022-01-13;2022-01-14;UNC1151/ Ghostwriter;Ukraine;1;[State institutions / political system];[Government / ministries];1;YES;No;;1;https://eurepoc.eu/incident/ukraine-government-site-defacement
1607;Chinese state-sponsored Winnti Group targets Hong Kong government organizations in espionage effort starting in 2021;2021-01-01;;APT41/BARIUM/Wicked Panda/G0096 (Chengdu 404 Network Technology) < Winnti Umbrella/G0044;Hong Kong;1;[State institutions / political system];[Government / ministries];1;YES;No;;1;https://eurepoc.eu/incident/chinese-state-sponsored-winnti-group-targets-hong-kong-government-organizations-in-espionage-effort-starting-in-2021-1